Date,corn_it ,wheat_it,soybeans_it ,corn_us,wheat_us ,soybeans_us ,Brent Blend euro/Barrel,M1,M2,3 month,10 year,US/Euro
7-Jan-00,133.4,148.94,185.3,86.9,90.48,180.79,22.62,85,63,174.2,165.2,70.1
14-Jan-00,133.1,149.97,187.73,87.4,93.88,188.21,24.83,80.4,63.1,174.2,167.8,69.8
21-Jan-00,131.76,150.56,195.37,92.8,99.52,193.69,26.92,79.6,62.9,175.8,170.5,68.9
28-Jan-00,130.58,150.67,203.77,99.64,102.13,205.57,26.57,78.8,62.4,179.1,168.3,67.8
4-Feb-00,130.7,150.36,204.27,96.66,99.38,199.5,27.95,78.5,62.2,182.1,165.7,66.6
11-Feb-00,132.26,150.58,204.7,97.51,100.94,199.54,27.93,77.8,62.9,181.8,166.8,67.1
18-Feb-00,132.84,150.47,204.7,97.95,104.56,203.71,28.25,77.4,62.7,183.8,165,67
25-Feb-00,131.56,150.08,205.57,96.98,102.87,198.83,29.24,77.6,62.7,186.1,160.7,67.7
3-Mar-00,131.36,150.08,205.23,97.62,97.76,203.14,31.11,78,62.6,186.1,161,65.7
10-Mar-00,131.18,150.13,206.33,97.77,101.2,202.29,30.4,78.3,63.4,187.7,161,65.5
17-Mar-00,131.52,149.98,210.63,102.07,104.84,208.94,28.55,77.7,63.5,189.1,158.2,65.9
24-Mar-00,133.34,149.98,212.9,97.25,100.5,205.47,26.1,78.5,63.7,190.1,154.7,66
31-Mar-00,135.06,150.49,216.83,96.43,100.24,212.5,25.2,78.7,63.5,189.1,154.4,65.3
7-Apr-00,134.86,152.24,221.13,99.82,99.98,211.97,24.36,80.9,64.2,188.7,149.1,65.4
14-Apr-00,134.46,155.41,220.3,98.94,99.65,209.13,23.3,79.1,64.9,187.7,148.4,65.2
21-Apr-00,134.86,157.6,221.9,101.4,101.81,219.65,25.02,80,65,187.1,151.4,64.3
28-Apr-00,136.64,158.27,225.83,107.25,107.74,224.46,25.76,80,64.4,186.1,154.9,62.8
5-May-00,139.12,159.92,240.4,109.68,109.32,236.19,27.64,79,63.6,190.1,161.2,61.2
12-May-00,143.2,160.54,245.07,106.08,112.52,232.47,31.75,77.4,63.6,196.7,163.7,61.6
19-May-00,143.88,159.92,244.63,105.58,118.94,231.84,32.6,77.8,63.6,194,163.5,61.3
26-May-00,139.28,157.93,248.9,103.26,114.25,220.73,32.88,77.8,63.4,189.7,161.7,62.1
2-Jun-00,137.8,155.71,243.8,96.79,107.93,218.28,31.11,78.2,63.3,185.1,157.7,63.7
9-Jun-00,139.5,157.4,243.5,95.72,102.79,210.53,30.05,78.5,64.1,190.7,154.4,65
16-Jun-00,139.28,150.07,238.3,86.95,100.55,204.84,31.3,77.4,64.1,188.1,152.6,65.3
23-Jun-00,137.54,148.31,238.3,87.52,106.27,207.08,32.72,78,63.9,187.4,153.4,64.6
30-Jun-00,137.48,135.25,238.3,83.53,106.41,197.49,33.3,77.8,63.4,187.7,153.1,64.5
7-Jul-00,139.22,137.57,233.2,79.71,97.15,197.51,32.15,80.2,63.9,192.7,151.4,64.9
14-Jul-00,142.96,138.24,210.92,82.58,97.61,197.8,32.66,78.4,64.4,197.4,152.6,64.2
21-Jul-00,150.92,138.59,185.1,80.12,94.49,197.94,28.82,77.3,64.1,198,153.7,63.4
28-Jul-00,155.56,139.97,198.22,80.11,96.17,193.31,27.87,77.4,63.8,199,152.1,63.6
4-Aug-00,143.72,142.04,167.22,81.19,97.85,194.37,30.59,78.3,63.9,200.3,150.6,62.3
11-Aug-00,143.72,142.04,218.03,80.62,95.01,196.96,31.95,77,64.6,201.3,147.4,61.6
18-Aug-00,143.72,142.04,218.02,80.44,97.83,199.07,33.67,76.8,64.5,201.7,146.1,62
25-Aug-00,128.15,145.43,215,83.46,98.87,202.84,33.68,77.6,64.5,202.3,144.8,61.3
1-Sep-00,129.44,149.4,223.18,92.32,107.94,217.73,37.59,78.2,64.3,203,145.1,61
8-Sep-00,129.36,152.74,198.61,91.71,111.78,223.15,41.51,78.3,65,199.3,144.3,59.6
15-Sep-00,125.56,152.87,228.9,94.37,110.57,213.78,38.04,76.8,65.3,197,145.6,58.7
22-Sep-00,124.5,153.75,226.57,88.23,109.01,210.89,36.48,76.8,65.1,198,148.1,58.4
29-Sep-00,123.06,153.85,226.57,92.64,113.6,213.35,32.49,76.6,64.5,199.7,146.6,60
6-Oct-00,123.16,154,224.5,97.71,120.85,212.36,34.03,78.2,64.9,200.7,147.6,59.5
13-Oct-00,124.2,154.16,225.17,96.06,124.03,206.14,38.7,76.5,65.3,199.7,145.1,58.9
20-Oct-00,127.14,155.08,231.73,101.54,126.29,214,36.16,76.9,65.4,202.3,143.1,57.5
27-Oct-00,126.32,156.13,239.7,103.34,120.62,212.76,37.53,77.3,65,204.6,142.6,56.8
3-Nov-00,125.74,157.18,238.83,98.76,115.43,209.92,34.98,78.3,64.8,205,145.1,58.2
10-Nov-00,125.76,159.12,239.7,100.21,120.21,206.11,37.22,77.1,65.5,206,147.4,58.5
17-Nov-00,127.1,163.1,241,103.43,120.43,219.02,39.17,76.1,65.5,204.6,144.3,58.3
24-Nov-00,130.14,165.73,249.03,107.46,122.29,215.61,39.09,77.3,65.5,204.6,142.3,57.5
1-Dec-00,131.38,165.98,252.8,103.21,118.2,224.63,35.63,78.7,65.5,201.3,140.1,58.7
8-Dec-00,131.32,166.26,250.23,103.9,119.58,225.13,30.2,78.1,66,196.7,135.8,60.3
15-Dec-00,130.82,166.32,251.93,102.76,116.56,219.52,28.33,76.8,66.2,195,133.2,60.1
22-Dec-00,130.72,166.49,253.73,107.48,113.33,218.41,24.06,77.9,66.4,182.5,128.5,61.6
29-Dec-00,130.72,166.49,252.87,110.11,113.72,216.69,24.18,79.9,66.5,187.4,128.5,63.4
5-Jan-01,131.12,166.49,252,103.62,112.31,206.72,25.69,81.6,66.9,177.5,126.2,64.6
12-Jan-01,132.16,166.66,249.47,103.11,114.91,200.56,26.75,78.2,67.2,169.9,128,64.4
19-Jan-01,133.54,166.66,249.03,99.99,117.17,200.23,27.9,77.3,67.2,171.2,130.7,63.9
26-Jan-01,133.34,166.94,249.03,99.62,121.54,199.78,28.67,77.7,66.8,169.2,133.2,63.3
2-Feb-01,132.92,166.89,246.47,95.83,113.47,195.49,30.48,77.7,66.2,162.6,131,63.4
9-Feb-01,132.58,166.49,240.73,101.22,115.88,197.21,32.16,77.5,67,163.6,129.2,63.3
16-Feb-01,132.82,165.72,238.7,101.09,115.71,198.95,29.2,76.1,67.1,163.2,128.7,62.6
23-Feb-01,132.72,164.7,235.67,102.82,118.47,198.22,28.77,77.2,67.2,161.3,129.2,61.9
2-Mar-01,132.52,164.08,235.73,98.6,112.43,191.11,26.99,78,67.2,156.3,124.7,62.8
9-Mar-01,132.02,163.97,233.53,99.6,117.8,192.02,27.41,78.6,68.2,153,124.7,63.3
16-Mar-01,131.44,162.66,231.8,103.84,123.82,193.22,26.95,77.5,68.3,148,122.4,62.1
23-Mar-01,131.12,162.24,231.8,100.27,114.79,193.35,26.63,78.5,68.4,141.4,120.4,61.1
30-Mar-01,130.72,161.91,234.4,104.09,113.16,192.82,27,78.9,68.3,139.7,124.7,60.4
6-Apr-01,130.56,159.88,236.97,99.08,112.72,190.49,26.81,80.9,69,132.8,124.7,61
13-Apr-01,132,159.7,241.67,99.88,109.52,191.11,29.89,78.5,69.7,129.1,128,60.7
20-Apr-01,132.48,159.48,243.4,98.65,110.67,187.72,28.41,80,70.1,128.1,132,60.6
27-Apr-01,133.3,159.03,251.5,92.83,111.68,184.77,29.95,80.2,69.4,123.2,132.2,61.1
4-May-01,134.96,159.21,251.5,95.13,116.94,195.35,30.65,80.3,68.5,125.2,133,60.7
11-May-01,137.32,159.61,250.2,97.61,115.29,199.46,31.67,78.1,68.7,120.9,133.2,60.2
18-May-01,136.18,159.52,255.6,97.66,97.66,205.97,33.54,77.9,68.6,117.2,137.5,59.9
25-May-01,135.32,159.52,229.92,95.32,95.32,206.47,33.51,79.1,68.6,118.5,137.5,58.8
1-Jun-01,135.08,159.41,233.1,94.85,120.16,211.28,33.98,79.6,68.3,118.9,138,58
8-Jun-01,134.38,154.8,227.81,97.63,116.93,215.54,34.9,80.4,69.3,117.9,134,57.8
15-Jun-01,133.08,122.92,214.58,96.47,114,209.12,32.54,78.6,69.4,115.2,133,58.1
22-Jun-01,133.5,145.27,180.81,98.44,117.62,197.55,31.2,79.7,69.5,113.2,131.7,58.3
29-Jun-01,134.5,149.83,237.87,96.45,118.19,223.8,30.81,79.8,68.7,114.9,133.2,58.3
6-Jul-01,133.56,152.32,225.63,102.48,118.76,231.89,31.42,81.9,69.3,118.2,136.3,57.5
13-Jul-01,132.04,152.39,230.6,108.35,120.51,240.32,27.99,79.9,69.9,117.2,133.8,58.2
20-Jul-01,129.4,152.13,228.72,105.98,126.44,221.27,26.31,80.1,69.8,115.6,130.2,58.9
27-Jul-01,127.66,152.03,248.73,104.06,123.62,228.52,27.93,80.7,69.4,115.2,130,59.6
3-Aug-01,126.34,151.92,240.18,106.4,122.04,218.75,28.98,81.7,69.4,114.6,129.2,59.9
10-Aug-01,126.34,151.92,228.83,102.76,113.48,227.8,28.82,80.6,70.2,112.9,128,60.2
17-Aug-01,126.34,151.92,227.34,103.08,113.19,218.23,27.07,79.9,70.2,110.6,124.7,61.9
24-Aug-01,125.44,152.16,211.14,100.71,114.77,206.75,28.69,81.1,70.1,110.3,123.4,62.3
31-Aug-01,122.08,152.16,210.73,101.12,118.16,206.82,29.13,81.7,69.9,110.3,121.9,62.1
7-Sep-01,120.54,151.76,231.1,104.78,124.46,206.87,30.61,83.6,70.4,108.9,123.7,60.9
14-Sep-01,118.36,151.65,224.65,99.5,118.28,202.07,31.47,80.7,71.1,93.4,117.9,61.9
21-Sep-01,117.46,152.49,219.07,93.5,114.23,201.99,27.17,89.9,73.2,76.2,118.4,62.8
28-Sep-01,117.5,153.36,221.3,97.01,116.39,197.88,23.75,84.2,71.4,77.5,117.4,62.5
5-Oct-01,117.2,153.36,215.63,91.94,114.94,192.35,23.21,83.5,71.1,73.2,114.1,62.4
12-Oct-01,116.76,153.44,212.2,93.63,123.05,188.79,22.68,81.1,71.5,72.8,117.1,61.9
19-Oct-01,115.88,153.49,207,95.48,126.33,186.69,21.98,81.2,71.6,71.9,115.9,61.7
26-Oct-01,115.78,153.49,206.55,96.76,131.53,188.73,22.7,82.2,71.2,70.5,115.9,60.8
2-Nov-01,116.3,153.44,209.6,96.4,134.3,188.05,21.52,83.1,71,66.6,110.1,61.6
9-Nov-01,121.04,153.64,213.47,99.31,130.64,192.98,21.95,82.6,72,60.6,108.3,61
16-Nov-01,124.24,153.74,217,101.59,128.77,200.85,19.2,81.2,72.1,61.6,117.4,60.1
23-Nov-01,124.72,153.89,220.8,104.63,135.04,202.09,22.14,82.6,72.3,63.2,124.2,59.9
30-Nov-01,124.72,154.31,225.07,101.43,130.49,197.38,21.21,84.1,72.2,60.9,123.9,60.4
7-Dec-01,124.56,154.31,226.4,106.36,130.4,190.39,19.82,85.1,72.7,57,123.9,60.6
14-Dec-01,124.68,154.31,225.1,103.93,130.92,192.46,20.43,82.9,73.2,55,129.5,61
21-Dec-01,125.56,154.31,223.37,102.8,131.38,194.54,20.8,84.5,73.5,55.6,129.5,61.2
28-Dec-01,125.56,154.31,223.4,103.08,134.24,194.28,22.41,86.4,73.2,56.3,130.2,60
4-Jan-02,127.74,154.39,224.5,101.29,133.17,188.88,23.46,88.8,73.4,56.3,129.7,61.1
11-Jan-02,133.18,156.04,223.6,104.06,140.27,197.95,22.35,85.5,73.8,54,127,60.7
18-Jan-02,135.78,156.49,231,105.02,138.47,200.19,20.59,83.7,73.4,52.3,123.9,60.4
25-Jan-02,135.8,156.49,233.5,105.54,137.37,198.18,22.07,84.1,73,55.6,127.2,59.8
1-Feb-02,132.38,156.67,231.63,104.67,135.36,197.41,22.87,84.1,72.4,57,127.2,58.7
8-Feb-02,130.6,156.58,228.7,103.72,131.06,195.27,22.99,84.2,73.2,57,123.9,59.2
15-Feb-02,131.76,156.58,224.1,104.35,131.59,198.7,23.76,82.1,73.3,57,124.4,59.6
22-Feb-02,132.74,156.47,222.5,104.87,128.96,199.63,22.93,83.7,73.4,57.3,122.7,59.5
1-Mar-02,132.62,156.33,219.17,102.29,130.5,201.52,25.19,84,73.2,57.6,123.4,59.1
8-Mar-02,131.72,155.33,218.83,102.48,128.85,203.41,25.28,84.5,73.9,58.3,129.2,59.6
15-Mar-02,131.46,154.41,218.5,102.72,126.71,204.95,26.86,83.3,74.1,59.9,134.5,59.9
22-Mar-02,130.76,153.17,218.17,102.06,133.27,203.88,28.28,84.5,74.1,60.3,135.3,60.1
29-Mar-02,130.76,152.06,220.5,103,138.7,210.06,28.83,85.1,73.6,59.3,135.5,59.5
5-Apr-02,131.42,151.3,223.33,100.96,133.09,205.34,29.56,86.8,74.2,57.9,134,59.9
12-Apr-02,132.56,150.47,219.67,100.18,128.89,203.49,26.35,83.5,74.6,56,131.5,59.9
19-Apr-02,133.06,150.58,220.67,97.91,128.6,205.92,28.51,84.1,74.8,56.3,131.2,60.4
26-Apr-02,133.72,150.58,224,96.77,123.07,202.13,29.94,85.4,74.2,56.3,129.2,60.8
3-May-02,135.56,150.58,223.5,92.67,117.71,196.7,28.36,85.9,73.3,57.6,128.7,61.7
10-May-02,135.96,151.02,219.67,96.61,121.09,200.78,28.99,83.4,73.8,57.6,130,62.1
17-May-02,135.66,153.56,224.5,101.63,123.85,209.98,27.79,82.4,73.8,57.6,132.5,62
24-May-02,136.8,153.69,226.83,99.73,122.98,210.14,26.31,83.9,73.8,57,130.2,62.8
31-May-02,141.06,153.94,227.83,96.46,117.62,211.67,25.43,85.1,73.5,57,128.5,63.6
7-Jun-02,142.66,155.12,227.67,97.57,117.59,210.11,24.61,86.4,74,57,127.5,64.2
14-Jun-02,141.36,157.04,225.33,94.91,114.94,205.07,25.42,82.9,74.4,56.6,125.2,64.4
21-Jun-02,141.4,147,224.75,94.99,118.88,201.71,24.98,83.9,74.6,56.3,121.7,65.2
28-Jun-02,148.1,122.5,221,96.86,113.82,210.7,25.37,84.7,73.9,55.6,121.9,66.8
5-Jul-02,151.26,120.92,221,102.02,123.55,227.17,26.51,86.7,74.3,56,121.7,66.9
12-Jul-02,146.22,126.66,208.35,99.69,121.14,224.5,26.19,84.1,75,56,118.6,67.5
19-Jul-02,150.06,125.77,207.93,97.98,126.21,227.7,25.79,83.9,74.9,56,117.9,68.8
26-Jul-02,170.62,124.18,163.05,101.59,125.1,213.03,25.18,85.1,74.6,55.3,112.6,67.9
2-Aug-02,181.86,123.14,160.83,100.98,121.7,218.74,25.84,86.5,74.6,55,113.9,67
9-Aug-02,180.45,123.23,193.87,109.35,131.71,220.84,26.08,83.6,75.5,52.6,109.6,66.2
16-Aug-02,126.77,123.23,221.92,113.7,135.09,231.49,27.24,81.9,75.5,53.3,105.3,66.9
23-Aug-02,131.48,124.59,212.52,114.09,130.63,222.23,28.41,83.4,75.4,53.3,106.8,66.5
30-Aug-02,136.06,126.45,211.76,114,137.32,219.43,27.79,84.7,75,54.6,106,66.8
6-Sep-02,129.56,128.41,227.84,115.71,144.58,220.05,28.94,86.9,75.5,53.3,100.3,67.5
13-Sep-02,123.26,130.41,228.07,121.6,162.56,223.51,29.02,82.5,76.1,55,100.8,66.5
20-Sep-02,119.66,132.14,235.5,117.52,159.42,225.57,28.77,82.9,76.1,54.6,96.7,66.6
27-Sep-02,123.26,133.05,235,112.12,159.13,223.65,29.61,83.5,75.3,53.6,94,66.7
4-Oct-02,122.86,133.73,230.67,110.75,154.57,212.31,29.21,86.2,75.3,51.3,92.9,67.1
11-Oct-02,125.66,134,229,111.93,151.44,207.63,28.48,82.7,76.2,51.7,92.7,67
18-Oct-02,129.62,134.82,231,112.33,161.63,220.04,29.16,83.4,76.4,54.3,103.5,66.5
25-Oct-02,131.92,135.5,237.83,112.91,168.88,222.33,27.71,84.8,76.3,54.3,106,66.5
1-Nov-02,130.72,135.73,239.33,110.62,170.69,230.54,25.69,86.6,76,48.7,100.8,67.3
8-Nov-02,128.76,135.82,240.5,107.41,159.25,218.39,24.53,86,76.9,42.4,100.8,68.3
15-Nov-02,127.52,135.95,240.67,106.77,154.24,221.2,23.31,83.4,77.1,39.7,99.2,68.6
22-Nov-02,128.52,136,238.83,110.65,161.1,223.68,23.85,84.6,77.4,39.7,102.8,68.4
29-Nov-02,130.66,136,240.5,109.95,157.49,229.39,24.99,86,76.8,40.1,105.5,67.6
6-Dec-02,131.26,135.7,241,107.22,149,220.07,25.54,89.3,77.6,39.7,105,68.1
13-Dec-02,130.36,135.36,237,104.48,142.89,220.55,25.05,85.1,77.7,39.4,101.8,69
20-Dec-02,128.4,135.09,234,103.74,146.54,219.99,28.99,86.4,78,39.7,102,69.8
27-Dec-02,128.4,135.09,234.83,103.86,140.14,216.28,29.4,89.3,77.8,38.4,98.7,70.3
3-Jan-03,128.55,135.05,234.83,100.67,133.12,219.22,30.18,91.7,77.7,39.7,99.2,71.1
10-Jan-03,130.45,135.32,235.17,101.29,131.97,211.56,28.66,87.9,78.3,39.1,103.3,71.3
17-Jan-03,132.2,135.82,231.17,98.22,128.23,209.21,29.52,85.1,78,38.7,103.3,72.1
24-Jan-03,130.6,135.59,233.17,97.75,128.71,210.56,29.5,86.5,77.8,38.1,100,73.2
31-Jan-03,129.5,135.41,233.83,98.64,128.51,208.41,29.4,87.2,77.1,38.4,101,73.6
7-Feb-03,129.2,135.09,233.83,98.7,130.61,203.06,29.43,88.6,77.4,38.1,100.3,73.7
14-Feb-03,130.2,135.09,234.5,99.49,131.58,208.69,30.03,84.9,78,38.4,99.5,73.4
21-Feb-03,130.3,134.82,235.17,97.99,133.4,208.5,30.5,86.8,78.4,38.7,98,73.3
28-Feb-03,129.75,134.14,235.17,97.31,129.16,210.26,31.39,87,77.8,39.4,95.2,73.5
7-Mar-03,129.2,133.55,235.83,96.74,123.49,200.96,30.71,88.8,78.4,38.1,91.9,74.5
14-Mar-03,128.6,132.14,235.17,99.11,118.67,209.37,31.72,86.3,78.9,36.1,91.9,74.6
21-Mar-03,128.7,131.32,234.67,97.65,121.29,212.62,27.67,87.2,79.1,37.7,100,72.2
28-Mar-03,129.6,131.45,235.33,95.58,115.23,209.74,24.42,88.3,78.5,38.1,99.7,72.9
4-Apr-03,129.2,131.55,235.33,98.69,117.57,214.31,25.08,90.7,78.9,36.4,98.2,73.6
11-Apr-03,128.35,131.55,242,99.39,117.4,215.89,23.62,87.1,79.9,37.4,100,73
18-Apr-03,127.9,131.4,243.67,97.61,115.58,216.18,22.49,87.7,80,38.4,100.5,73.9
25-Apr-03,127.7,131.4,244.33,96.06,118.28,208.81,22.72,90.4,79.8,37.7,100,74.7
2-May-03,127.7,131.45,244.5,90.99,108.21,213.15,20.91,90.8,79,36.8,98.7,75.8
9-May-03,127.8,131.45,241.17,91.59,106.07,212.46,20.67,89.5,79.8,36.1,95,77.6
16-May-03,127.65,132.2,239.67,96.18,118.38,211.66,22.4,87.7,79.7,34.8,89.7,78.4
23-May-03,127.2,132.35,237,91.75,114.84,202.49,23.05,89.6,79.6,34.4,85.1,79.8
30-May-03,125.6,133.28,231.17,90.75,110.65,200.93,22.46,90.8,79.2,36.1,85.4,80.4
6-Jun-03,124.3,135.71,227.5,89.99,105.91,203.74,23.35,92.1,79.9,34.8,84.6,80
13-Jun-03,123.8,132.63,225,91.12,111.55,199.49,24.16,88.9,80.4,30.5,80.6,80.1
20-Jun-03,126.85,133,221.5,92.47,107.1,208.31,22.89,90.6,80.8,27.8,83.4,79.9
27-Jun-03,129.6,127.88,222.5,94.34,104.95,214.41,23.74,90.9,80,28.5,86.1,78.3
4-Jul-03,127.9,130.36,222.5,90.55,105.75,210.94,24.35,93.6,80.2,28.8,90.2,78.5
11-Jul-03,126.45,132.06,222.5,91.07,107.97,211.81,24.88,90.2,81.5,29.1,93.7,77.1
18-Jul-03,130.15,134.11,226,85.64,112.56,195.6,25.61,89.4,81.1,29.5,99,76.5
25-Jul-03,138.75,136.69,193.57,83.18,114.37,187.6,24.68,91.2,80.7,30.1,105.3,77.8
1-Aug-03,135.6,139.78,197.87,85.39,120.32,187.35,25.28,92.5,80.4,31.5,110.8,77.4
8-Aug-03,135.6,140.67,228.34,84.2,119.95,185.72,26.61,92.6,81.7,31.1,109.3,77.3
15-Aug-03,135.6,140.67,189.07,88.56,125.54,196.26,26.31,89.2,81.8,31.1,113.1,77
22-Aug-03,138.9,145.11,225.61,92.69,135.17,211.39,26.75,92.2,82.3,31.5,112.6,75.2
29-Aug-03,150.3,152.56,240.92,95.2,131.73,213.16,27.24,91.8,81,32.5,113.1,74.4
5-Sep-03,160.6,156.33,215.89,99.03,132.54,216.06,25.98,93.6,81.4,31.5,113.9,74.4
12-Sep-03,159.7,157.22,245.25,96.2,123.17,217.88,23.8,89.6,82,31.1,109.3,76.3
19-Sep-03,159.25,158.89,242,89.44,119.86,219.25,22.81,89.8,81.9,30.8,106.5,76.7
26-Sep-03,160.85,158.89,248.83,87.82,118.43,222.63,22.75,91,80.9,30.8,104.8,78.2
3-Oct-03,163.75,159.33,251.83,85.14,122.7,223.87,24.05,93.1,80.5,30.8,102,79.4
10-Oct-03,163.15,159.17,250.33,86.66,111.44,233.47,24.76,90.1,81.4,29.8,107.3,80.1
17-Oct-03,162,159.22,259.17,87.47,112.81,242.99,26.87,89.2,81.4,30.1,111.3,79.5
24-Oct-03,162.95,159.78,261.33,85.47,118.98,249.98,25.03,91.1,81.3,30.8,109.1,80.1
31-Oct-03,169.25,164.94,269.33,95.61,125.02,263.51,24.78,93,80.6,31.1,108.6,79.6
7-Nov-03,171.55,174.56,275,94.51,131.07,248.62,24.53,94.3,81.1,31.1,111.1,78.1
14-Nov-03,174.25,183.44,276.33,89.93,136.32,252.97,24.4,89.6,81.6,30.8,109.8,79.4
21-Nov-03,174.15,188.44,273.17,90.16,134.71,244.57,24.72,90.3,81.8,30.8,105.3,80.9
28-Nov-03,173.65,188.19,266.5,90.75,136.4,244.1,23.73,91.8,81.1,30.8,107.1,80.9
5-Dec-03,172.6,187.94,265.83,92.02,137.4,243.72,23.89,94.1,81.6,30.5,109.8,82.3
12-Dec-03,172.15,187.94,265.5,92.44,135.68,244.9,24.38,90.9,81.8,29.8,108.1,83.3
19-Dec-03,172.75,188.19,266.5,92.33,129.3,236.83,24.48,92.4,81.9,29.1,105.8,84.2
26-Dec-03,172.95,188.44,264.17,88.61,123.34,235.81,24.21,95.3,81.8,29.1,106,84.7
2-Jan-04,174.81,188.44,270.17,86.52,119.35,244.53,23.61,98.2,81.6,30.1,108.3,85.5
9-Jan-04,175.45,188.94,270.17,87.93,124.05,239.73,24.42,95,82,29.1,107.6,86.9
16-Jan-04,180.85,189.38,275,92.8,125.44,253.01,25.58,90.1,81.6,28.8,101.8,86.2
23-Jan-04,189.35,189.38,282.5,92.05,125.2,252.37,24.89,91.6,81.3,28.8,102,86.1
30-Jan-04,189.45,189.38,288.67,95.69,123.87,254.42,24.65,92.5,80.6,29.8,105,85.4
6-Feb-04,188.3,189.25,278.67,94.89,125.22,258.81,23.63,93.6,81,30.5,104.8,85.6
13-Feb-04,187.25,188.63,281.83,94.69,123.99,248.56,23.33,90.5,81.5,30.5,102.8,86.9
20-Feb-04,184.55,186.75,279,97.47,121.36,269.41,24.51,92.3,81.9,30.5,102.3,86.7
27-Feb-04,183.65,186.5,298.33,101.05,128.56,288.04,25.69,93.1,81.6,31.1,101.5,85.4
5-Mar-04,183.6,185.5,304.17,102.6,127.71,290.14,27.46,94.4,82,31.1,100.8,83.6
12-Mar-04,182.65,183.88,300.5,104.45,125.61,214.45,27.69,91.6,82.6,31.1,94.5,83.8
19-Mar-04,179.75,181.69,309.5,104.37,123.08,313.43,27.68,93,82.8,30.8,94.5,83.6
26-Mar-04,180.65,181.88,323.17,107.45,134.47,315.72,28.09,95.5,82.8,30.8,94.7,83.3
2-Apr-04,183.45,185.21,326.5,106.35,133.56,320.66,26.46,98,82.7,30.8,99.5,83.3
9-Apr-04,183.9,186.07,332.83,112.2,136.85,308.32,26.15,94.9,83.8,30.8,106,82.4
16-Apr-04,183.65,186.07,327.5,110.86,131.8,305.01,28.03,93,84.1,30.8,109.8,81.6
23-Apr-04,183.15,186.21,327.5,111.05,134.02,307.14,27.98,94.9,83.9,31.8,111.6,81
30-Apr-04,182.95,186.07,323.25,110.31,126.78,326.62,28.34,96.7,83.1,31.8,113.1,81.1
7-May-04,183.85,185.86,329,112.09,134.29,327.47,30.07,98,83.4,33.1,116.4,82
14-May-04,183.85,184.36,330.75,108.24,124.22,307.13,32.03,91.7,83.9,33.8,121.2,80.7
21-May-04,182.1,181.5,310.75,104.63,120.02,282.5,32.2,93.8,84.2,34.1,119.4,81.7
28-May-04,177.35,170,297.5,107.46,120.91,257.59,30.96,95.3,83.5,35.1,117.9,82.7
4-Jun-04,170.95,166.5,269.21,113.64,122.77,266.48,30.96,96.1,83.7,38.4,119.4,83.3
11-Jun-04,165.85,168.17,306.66,106.32,116.29,277.27,29.55,92.6,84.5,41.4,120.9,82.9
18-Jun-04,157.15,172,317.85,100.17,112.41,281.56,29.14,93.7,84.6,43,119.6,82.3
25-Jun-04,161.25,173.27,328.37,95.2,111.02,294.39,28.8,95.6,84.1,42.7,118.1,82.6
2-Jul-04,164.05,152.66,292.71,95.69,110.55,290.14,27.5,98.5,83.6,43,116.6,83.1
9-Jul-04,160.95,125.5,266.2,89.1,110.7,285.55,29.23,95.4,84.6,42.4,113.1,84.2
16-Jul-04,147.45,125.69,261.88,86.29,111.69,226.8,30.34,92.5,84.6,43.7,112.6,84.4
23-Jul-04,141.45,124.69,224.5,83.72,108.28,214.59,31.96,94,84.2,44.4,112.3,83.7
30-Jul-04,144.45,124.81,229.05,83.79,106.98,196.7,33.37,96.6,83.7,47.4,114.9,82.2
6-Aug-04,146.55,124.81,201.29,83.95,105.69,188.6,35.02,97.3,84.2,48,111.1,82.4
13-Aug-04,146.55,124.81,214.25,85.22,104.49,191.78,35.62,93.1,84.7,47.7,107.8,83.6
20-Aug-04,143.95,124.81,233.33,85.67,105.29,189.8,36.39,94.7,84.9,48.3,106.5,84
27-Aug-04,126.75,124.19,243.07,88.77,110.97,199.37,35.58,96.9,84.4,50.3,107.1,82.4
3-Sep-04,121.45,124.06,229.26,85.77,109.32,195.41,33.59,98.4,84.1,52.3,105.5,82.6
10-Sep-04,118.65,124.06,226.92,82.89,109.53,184.34,33.67,94,85.2,54,106,83
17-Sep-04,118.75,123.94,213.71,81.25,115.17,179.19,34.29,92.9,85.3,54.6,104.3,83.1
24-Sep-04,114.45,123.69,214,78.12,115.3,168.66,35.84,95.7,85.1,56,101.8,83.5
1-Oct-04,113.85,123.56,209.67,73.9,110.92,170.35,37.9,98.1,84.4,56,103.3,84.1
8-Oct-04,117.05,123.81,207.5,74.41,111.51,168.57,38.54,96.9,85.2,55.6,105.8,83.9
15-Oct-04,119.65,124.44,203,73.89,112.03,165.9,40.63,93.3,85.3,56.3,102.8,84.3
22-Oct-04,122.75,125.88,203.67,75.81,114.18,170.08,39.59,94.6,85.5,59.6,101.5,85.7
29-Oct-04,124.35,127.94,210.67,74.11,112.58,169.04,40.42,97.5,84.9,61.9,102,86.9
5-Nov-04,123.95,128.13,213.67,72.19,106.67,158.99,35.98,98,85.3,64.6,103.8,87.3
12-Nov-04,121.95,128.06,213.67,71.91,108.2,165.22,33.57,94.2,85.9,67.5,106.3,88.2
19-Nov-04,120.35,128.06,214.33,73.86,111.26,170.17,31.13,94.9,86.2,69.2,105,88.6
26-Nov-04,119.65,127.69,218,70.48,105.88,168.06,32.22,97.7,85.8,71.2,105.8,89.6
3-Dec-04,119.95,127.94,216.33,69.63,101.74,160.02,31.62,101.8,85.8,72.5,109.6,90.6
10-Dec-04,120.75,127.69,212.33,70.21,102.08,166.3,28.79,95.7,86.4,73.2,105.5,90.8
17-Dec-04,120.75,127.5,211.67,72.2,104.09,171.4,28.81,95,86.5,72.2,104.8,90.8
24-Dec-04,120.5,127.5,210.83,72.75,105.27,170.6,31.65,99.3,86.7,71.9,106,91.6
31-Dec-04,120.4,127.5,210.83,72.11,103.18,165.16,28.95,104,86.6,72.8,108.1,92.6
7-Jan-05,120.3,127.5,208.83,72.17,103.97,171.4,31.36,102.9,86.5,75.8,107.8,90.4
14-Jan-05,120.1,127.38,218,75.41,109.18,166.86,33.49,93.9,86.4,76.5,107.1,89.8
21-Jan-05,120.1,126.5,215.67,74.1,108.42,168.01,34.65,94.6,86.4,77.2,105.5,88.7
28-Jan-05,119.8,125.75,216.33,73.54,112.9,167.16,35.36,96.6,85.5,78.8,105.5,88.8
4-Feb-05,119.5,125.25,214,71.4,108.39,158.94,34.17,98.8,85.1,81.5,104.3,88.5
11-Feb-05,119.3,124.63,213.33,69.75,108.4,168.99,33.75,93.7,86,82.1,102.3,87.3
18-Feb-05,119.65,124.63,215.5,72.84,112.51,170.34,34.34,94.2,85.9,84.1,104.8,88.7
25-Feb-05,119.9,124.25,220.5,74.61,109.55,182.53,36.04,97.1,85.9,87.7,107.8,90
4-Mar-05,119.9,124.25,224.17,76.77,117.18,187.22,38.69,99,86,89.4,110.1,89.9
11-Mar-05,120.85,124.31,223.17,73.29,115.09,190.62,39.42,94.7,86.7,89.4,112.1,91
18-Mar-05,123.4,124.63,226.67,78.42,121.19,188.3,40.63,95.1,86.8,90.7,113.6,91
25-Mar-05,123.55,124.75,225.83,76.04,115.9,186.45,42.22,98.1,86.8,92.7,115.6,89
1-Apr-05,123.35,124.93,227.5,75.65,110.43,182.74,40.24,101.6,86.7,91.4,114.6,88
8-Apr-05,122.85,124.5,225.17,74.4,104.98,184.44,42.46,98.8,87.5,90.4,112.8,87.7
15-Apr-05,121.95,124.19,224,74.49,100.51,186.67,39.98,94.2,87.7,90.1,110.1,87.9
22-Apr-05,120.7,123.69,223,74.21,97.78,189.1,39.32,96.6,87.9,94,107.3,89
29-Apr-05,120.2,123.31,224.33,75.88,104.28,187.8,40.04,98.8,86.7,94.4,106.8,88.2
6-May-05,119.4,122.13,223.33,71.07,101.53,193.69,38.51,98.9,86.5,93.4,106.3,87.8
13-May-05,118.9,121.69,224.17,74.71,106.73,189.53,38.86,94.4,86.9,93.4,106,87
20-May-05,118.75,121.94,224.5,71.59,103.32,194.84,37.48,95,86.9,93.4,103.5,86
27-May-05,119.15,122.69,227.5,78.34,111.39,205,38.2,97.7,86.4,95.7,102.5,85.6
3-Jun-05,121.05,124.21,235,79.29,113.7,212.95,41.67,100.6,86.4,96.7,99.5,83.6
10-Jun-05,122.25,126.4,235.83,79.76,107.64,209.8,43.55,95.5,87.5,97.7,100,83.4
17-Jun-05,124.05,127,238.17,78.4,105.91,226.16,43.99,94.9,87.6,97.4,103.3,82.5
24-Jun-05,127.95,117.11,246.83,83.26,109.18,232.95,46.95,98.3,87.6,98.7,100.8,82.5
1-Jul-05,134.6,139.1,241.25,80.42,109.92,213.01,46.98,101.5,87,102,100,82.3
8-Jul-05,127.4,118.75,251,87.06,113.43,218.53,48.5,99.5,87.8,103,103,81.2
15-Jul-05,125.25,118.38,231.49,85.51,106.37,230.23,47.73,93.9,87.8,104.3,104.8,82.4
22-Jul-05,128.85,118.6,206.72,91.75,106.97,215.22,46.58,95.3,87.7,107.6,106.3,82.2
29-Jul-05,135.05,118.5,217.62,84.97,104.37,217.17,47.46,98.6,87.2,110.9,107.1,82.3
5-Aug-05,131.35,118.5,196.5,82.8,105.9,206.77,48.42,98.8,87.6,112.9,109.3,83.7
12-Aug-05,131.35,118.5,229.73,80.04,105.01,201.09,50.1,94.2,88.2,113.9,109.8,84.4
19-Aug-05,131.35,118.5,216.73,80.14,104.28,191.21,54.04,95.5,88.2,114.2,106.8,83.6
26-Aug-05,129.45,119.25,143.74,79.17,104.42,108.17,52.47,98.5,87.9,114.6,105.8,83.6
2-Sep-05,126.25,120.8,167.38,75.89,103.21,145.81,52.9,101.1,87.5,113.6,103,84.2
9-Sep-05,139.8,121,255.67,79.02,104.42,164.63,53.02,96.5,88.6,113.2,104,84.8
16-Sep-05,112.01,121.1,203.55,82.16,105.64,183.44,50.76,93.2,88.7,112.6,105.5,83.5
23-Sep-05,94.79,121.4,221.48,80.81,104.69,188.75,51.46,96.1,88.6,113.9,106.5,82.8
30-Sep-05,126.2,121.85,220.33,77.07,105.26,188.95,51.88,99.3,87.8,113.9,108.3,82
7-Oct-05,128.2,122,220.67,80.48,112.33,183.42,49.95,100.1,88.5,116.9,110.1,81.8
14-Oct-05,126.6,122.7,222.67,84.32,113.38,192.77,48.81,93.7,88.9,121.2,112.1,81.9
21-Oct-05,124.9,122.8,224,85.71,112.03,186.97,48.28,94.3,89.2,124.8,112.3,81.6
28-Oct-05,123.1,122.9,224,85.14,109.43,182.99,48.03,98,88.5,126.5,114.6,82.3
4-Nov-05,122.2,123.35,221.33,82.89,111.77,194.9,49.24,100.1,88.4,128.1,116.1,81.6
11-Nov-05,121.05,123.65,221.67,82.29,114.82,204.18,49.34,94.3,89.3,128.5,115.9,80.2
18-Nov-05,121.6,123.65,224,83.17,113.73,195.29,46.23,94.2,89.5,129.8,113.9,79.7
25-Nov-05,121.8,123.8,221.17,81.83,110.58,192.42,45.54,97.9,89.4,128.1,112.1,80.1
2-Dec-05,122,124.45,219.67,81.2,112.93,196.88,45.51,101.6,89.1,128.5,112.8,80.1
9-Dec-05,121.5,125.06,219.67,84.93,113.41,200.7,47.51,97.4,89.8,129.5,113.9,80.3
16-Dec-05,124.5,126.05,224,86.98,112.38,202.29,48.79,94.5,89.9,126.8,113.1,81.6
23-Dec-05,126.3,127.61,229,87.72,117.12,206.97,47.91,98.2,90.1,128.8,112.1,80.9
30-Dec-05,127.1,127.64,233,89.1,121.79,205.72,48.53,103.2,90.1,129.8,110.1,80.8
6-Jan-06,131,127.5,229.67,86.27,120.02,197.49,50.38,103.1,90.3,135.8,110.1,82.3
13-Jan-06,126.8,128.85,225.5,85.43,116.97,191.21,51.85,95.4,90.6,139.1,111.1,82.3
20-Jan-06,125.9,128.95,222.17,84.16,118.06,188.92,52.28,95.6,90.5,141.1,109.8,82.4
27-Jan-06,125.5,128.85,220.83,84.33,117.88,194.03,52.57,97.2,89.8,143,112.3,83.4
3-Feb-06,125.4,128.35,223,86.09,120.11,196.27,53.67,100.2,89.1,144.7,114.6,82.4
10-Feb-06,125.35,128.1,222.33,87.74,122.1,196.37,51.66,95.1,90,145.7,114.9,81.4
17-Feb-06,124.9,127.75,222,88.69,122.89,201.71,49.24,93.7,90,147,115.6,81
24-Feb-06,124.96,126.85,221.33,90.59,129.26,194.97,49.18,97.1,90.4,148,114.9,81.1
3-Mar-06,124.23,126.6,220.17,91.05,127.05,197.16,50.24,99.9,90.4,149,116.1,81.4
10-Mar-06,123.59,126.3,219.5,89.1,127.63,192.44,50.95,95.8,91.3,148.7,119.4,81.2
17-Mar-06,123.64,126.4,219.5,86.83,113.84,184.24,50.38,95,91.2,149,118.6,82.3
24-Mar-06,125.82,127.63,219.17,86.51,118.34,187.18,51.56,99,91.3,151,118.1,82.3
31-Mar-06,127,128.65,221.67,84.97,112.7,183.35,53.01,102.2,91,149.3,120.9,82.3
7-Apr-06,126.3,129.75,220,87.77,111.7,178.98,54.86,102.8,91.8,151,123.2,83.1
14-Apr-06,126.1,130.31,220.33,90.66,121.22,183.2,56.46,95.6,92.4,151.7,125.4,82.5
21-Apr-06,126.55,131.06,222,88.47,115.76,182.82,58.55,97.8,92.9,152.6,126.4,83.9
28-Apr-06,127.19,133.1,218.25,84.31,111.66,182.81,58.28,100.2,91.8,154.3,127.7,85
5-May-06,130.7,133.06,224,83.93,111.92,184.47,57.5,99.8,91.1,155.3,129.5,86.3
12-May-06,132.75,134.92,224.33,81.93,116.01,181.95,54.57,95.5,91.2,157,129.5,87.2
19-May-06,135.1,136.56,224,89.58,120.01,177.14,53.94,96.7,91.5,156,128.7,87.1
26-May-06,136.05,138.44,222.17,88.58,115.15,176.01,53.28,99.5,91.2,156,127.2,87.1
2-Jun-06,137.67,138,220,88.32,119.56,183.93,54.18,102.2,91,156.3,128,87.6
9-Jun-06,134.9,137.81,220.83,88.09,112.18,180.32,53.76,97.2,92,157,126.2,87
16-Jun-06,135.25,137.06,222.17,87.52,106.66,184.36,52.83,94.6,92.1,157.6,127.2,85.9
23-Jun-06,137.3,130.77,220.5,85.42,108.45,182.51,53.78,97,92.2,159.3,130.5,85.7
30-Jun-06,138.9,132.38,219.5,84,113.36,184.46,55.93,100.4,91.6,161.9,131.5,85.8
7-Jul-06,139.2,122.9,219.17,88.04,115.24,186.98,57.33,101.5,92.3,162.3,130.5,87
14-Jul-06,137.4,122.5,212,93.72,117.92,188.42,58.25,94.6,92.7,163.2,128.5,86.6
21-Jul-06,137.2,123.85,212,90.2,114.31,181.98,58.55,94.4,92.5,164.6,127.7,85.7
28-Jul-06,142.1,127.9,213,88.13,111.49,181.92,57.95,97.8,91.9,164.6,127.2,86.3
4-Aug-06,142.9,131.05,205.52,89.25,112.31,182.4,59.24,99.6,91.7,164.6,124.9,87.2
11-Aug-06,198.58,206.36,255.44,90.37,112.31,173.65,60.53,94,92.7,163.9,124.4,87.4
18-Aug-06,145.58,163.62,208.77,87.8,113.15,171.92,57.31,94.1,92.6,164.6,123.4,87.3
25-Aug-06,140.3,134.55,219.1,86.69,109.91,172.76,56.03,97.7,92.6,164.6,121.2,87.3
1-Sep-06,141,140.55,220.79,89.46,117.39,171.86,53.12,100.5,92.2,163.2,119.9,87.2
8-Sep-06,143.4,144.78,270.45,92.05,129.34,173.99,51.63,98.1,93,160.3,120.7,86.9
15-Sep-06,150.5,146.88,253.29,91.08,126.25,177.34,49.68,92.8,93.2,159.3,120.7,86.5
22-Sep-06,150.88,148.28,228.08,93.38,126.57,176.23,47.2,93.9,93.1,159.3,118.6,86.6
29-Sep-06,149.5,148.48,229.5,98.74,135.39,176.6,46.38,97,92.3,157.6,115.9,86.6
6-Oct-06,150.63,154.73,216.83,100.1,140.57,180.32,45.71,98.2,92.8,158.6,116.4,86.5
13-Oct-06,156.63,165.25,220.5,104.61,157.36,188.69,46.05,93.7,93.6,162.3,120.4,85.4
20-Oct-06,164.4,172.55,225.5,118.09,164.96,194.96,45.7,93.6,93.9,164.2,120.4,85.6
27-Oct-06,166.3,173.45,227.17,118.65,162.67,200.91,45.46,97.5,93.3,165.2,120.2,86
3-Nov-06,165.2,173.61,233.25,117.48,150.02,204.37,45.25,100.3,93.1,163.9,116.9,86.9
10-Nov-06,164.4,173.35,232.83,126.7,153.09,202.72,46.12,94.5,94.2,164.2,116.9,87.2
17-Nov-06,164.2,173.4,231.83,129.67,149.72,203.36,45.76,93.3,94.2,164.2,116.1,87.3
24-Nov-06,163.8,173.7,231.83,127.71,144.48,203.55,44.67,97,94.4,163.2,115.4,88
1-Dec-06,163.1,173.8,232.5,128.19,145.45,203.91,46.69,101.2,94.4,162.6,113.1,89.9
8-Dec-06,165,173.44,229.83,120.88,144.67,197.33,48.49,98.5,94.9,160.9,112.8,90.6
15-Dec-06,162.3,173.1,231.17,122.33,142.14,197.93,47.57,93.7,95,159.3,114.9,89.9
22-Dec-06,162.75,173.56,231.17,119.07,140.52,199.43,47.33,96.4,95.2,160.3,115.9,89.6
29-Dec-06,162.13,169.5,229,123.31,147.65,200.18,45.94,102.2,95.5,161.3,117.6,89.6
5-Jan-07,165.31,172,232.17,118.86,135.22,200.93,43.3,102.5,95.7,162.9,117.4,89.5
12-Jan-07,166.75,173.6,232.83,118.32,133.09,228.13,40.19,95,95.9,164.2,118.4,88.3
19-Jan-07,167.95,175.4,243.83,130.18,134.4,210.9,39.34,95.8,95.8,165.2,120.2,88.2
26-Jan-07,167.77,176.1,243.17,134.27,141.05,210.33,41.7,96.3,95.1,165.6,121.7,88.3
2-Feb-07,166.3,175.7,243.17,130.4,133.06,215.11,42.78,99.2,94.4,165.6,122.4,88.4
9-Feb-07,164.4,175.1,247,131.81,131.21,220.7,44.17,96.2,95.3,166.2,120.2,88.5
16-Feb-07,162.45,174.45,251,136.39,133.04,224.34,42.57,93.1,95.3,166.6,119.6,89.1
23-Feb-07,163,173.85,253.67,135.86,134.7,224.71,43.55,95.5,95.5,167.2,118.4,89.5
2-Mar-07,163.2,173.85,255.83,135.33,135.59,214.24,46.24,97.5,95.5,165.9,114.6,89.9
9-Mar-07,163.2,173.75,253.33,134.82,131.42,214.72,46.17,96.1,96.2,164.6,114.1,89.4
16-Mar-07,162.85,173.18,253.33,128.74,124.5,205.7,45.55,94.3,96.5,163.2,114.4,90.2
23-Mar-07,162,172.9,254.17,126.51,125.1,212.98,45.66,96.6,96.8,162.9,115.4,90.7
30-Mar-07,161.15,172.35,254.17,120.9,124.29,212.91,48.79,100.2,96.8,162.9,116.6,90.9
6-Apr-07,159.7,172.44,256.5,107.67,114.3,207.81,51.27,101.8,97.6,162.6,117.9,91.2
13-Apr-07,158.25,171.25,257.83,114.34,124.84,202.7,50.14,96.9,98.5,161.9,119.4,91.6
20-Apr-07,157.15,170.35,258.83,109.3,130.71,199.23,49.08,96.8,98.6,160.9,118.1,92.5
27-Apr-07,160.1,171.61,262.25,112.97,133.72,197.82,49.2,99.3,97.9,159.9,117.6,92.8
4-May-07,160.88,169.08,257,116.55,136.02,200.63,49.35,101.1,96.8,157.9,117.1,92.7
11-May-07,161.25,173.45,268.5,113.7,131.87,208.39,49.62,95.8,97.4,157.3,117.1,92.3
18-May-07,161.75,174.45,279.75,119.11,138.23,215.79,49.65,95.8,97.4,155.3,119.4,92.2
25-May-07,164.6,174.5,292.5,119.5,126.57,222.52,52.32,98.2,97.2,157.9,121.9,91.7
1-Jun-07,165.4,173.6,297.5,119.62,133.59,224.52,51.29,101.1,96.9,155,123.4,91.6
8-Jun-07,164.65,189.53,294.82,124.83,145.26,228.05,52.96,99,97.9,154.6,126.4,91.7
15-Jun-07,164.35,189.92,289.21,124.93,149.02,235.06,52.25,94.6,98,150,131,90.8
22-Jun-07,165.35,200.41,289.33,126.68,156.5,226.34,53.6,95.5,98.1,151,129.5,91.4
29-Jun-07,169,179.5,307.85,116.6,161.47,235.79,53.08,98.3,97.3,154.6,128.2,91.8
6-Jul-07,175.4,184.41,292.72,107.28,157.28,232.88,53.51,100.9,97.9,159.3,128.5,92.8
13-Jul-07,175.9,189.64,327.1,111.54,159.09,240.81,55.8,94.9,98.3,159.6,128.5,93.6
20-Jul-07,177.8,193.45,292.64,104.39,164.06,219.28,56.76,95,98.1,159.9,126.7,94
27-Jul-07,190.8,201.59,297.75,102.81,166.55,221.52,56.57,97.1,97.5,159.6,122.9,93.7
3-Aug-07,211.3,216.18,307.42,106.59,169.04,231.15,55.89,99.7,97.4,157.9,120.2,93.4
10-Aug-07,183.06,196.87,294.07,112.41,177.66,235.6,52.65,95.4,98.5,155.3,120.7,93.7
17-Aug-07,201.55,220.47,314.31,112.66,183.93,232.61,51.87,94,98.5,136.1,118.4,92.1
24-Aug-07,221.4,241.2,334.06,115.66,190.66,238.02,50.34,96.9,98.8,119.9,116.4,92.2
31-Aug-07,222.8,248.82,301.33,106.93,195.85,240.08,51.24,100.2,98.8,134.4,114.6,93
7-Sep-07,228.9,263.73,367.41,113.9,217.44,245.54,54.23,101.8,99.1,138.4,112.8,93.2
14-Sep-07,239.8,273.09,332.25,112.13,239.39,260.27,54.94,93.7,99.3,130.1,111.3,94.4
21-Sep-07,234.8,275.18,350,108.66,233.16,265.85,55.14,94.1,99.3,126.5,115.1,95.2
28-Sep-07,226.8,274.05,349.17,117.1,235.75,259.44,54.98,96.1,98.3,122.2,116.1,96.3
5-Oct-07,226.9,274.05,358.17,113.42,245.63,253.03,55.23,98,98.7,127.8,115.1,96.5
12-Oct-07,224.7,273.14,367.33,111.25,226.32,257.88,55.5,94.5,99.4,132.5,117.6,96.5
19-Oct-07,222.1,270.77,374.33,115.45,220.65,261.86,58.52,94.6,99.3,130.1,115.1,96.9
26-Oct-07,218.1,265.91,374.5,114.68,225.05,262.85,58.5,97.1,98.8,127.5,110.6,97.2
2-Nov-07,213.38,263,376.83,116.17,214.43,262.84,61.74,100.5,98.9,124.8,110.6,98.4
9-Nov-07,210.8,260.36,375.83,118.71,211.33,271.76,63.69,97.4,99.6,113.6,108.8,99.5
16-Nov-07,209.8,256.77,375.83,116.29,199.5,277.56,61.95,94.1,99.7,109.9,106.3,99.7
23-Nov-07,213.6,255.05,376.5,115.98,204.32,281.92,63.95,96,100.1,105,101.8,100.7
30-Nov-07,221,257.59,377.17,114.42,218.18,279.78,64.22,100,100,100,99.2,100.7
7-Dec-07,222.2,259.95,377.17,119.52,233.01,290.27,61.87,100.3,100.3,99.7,100,100
14-Dec-07,225.2,264.05,383.83,124.14,234.38,301.36,63.02,94.8,100.7,94.4,103.8,99.7
21-Dec-07,232.2,269.59,395.83,125.39,245.17,306.17,64.32,96,100.8,96.7,103.8,97.9
28-Dec-07,234.38,261.5,397.5,129.89,237.97,312.11,63.47,100.9,100.8,105,106,99.2
4-Jan-08,239.5,272.29,403.5,132.46,230.78,318.23,66.83,103.2,101,105.6,99.2,100.3
11-Jan-08,240.5,273.59,414.17,135.27,226.66,320.62,66.13,96.9,101.3,104,97,100.3
18-Jan-08,239.1,272.95,421.5,144.34,231.49,320.88,62.67,94.7,100.8,99.7,93.7,100.4
25-Jan-08,235.4,269.68,419.83,142.29,234,323.78,60.99,97.5,100.7,74.8,90.2,99.8
1-Feb-08,229.5,265.27,420.83,144.11,239.75,326.68,62.56,99.2,100.4,70.5,92.4,100.9
8-Feb-08,226.1,265.82,435.83,147.77,263.43,347.23,63.06,98.3,101.4,70.9,92.2,99.6
15-Feb-08,227.5,269.73,441.17,145.08,257.16,353.87,65.02,94,101.6,73.8,93.7,99.4
22-Feb-08,226.75,270.77,451.17,150.34,263.79,361.05,66.56,96.1,101.9,72.2,97,100.6
29-Feb-08,228.7,273.64,457.83,150.68,304.52,380.1,65.73,98.1,102,65.2,95.2,102.5
7-Mar-08,231.3,276.55,473.17,150.41,261.57,337.65,66.36,100.2,102.8,50.3,90.9,104.1
14-Mar-08,231,277.18,475.67,154.96,289.96,320.95,69.37,96,103.4,44.4,88.4,105.4
21-Mar-08,230.8,278.15,467.17,149.77,247.29,306.61,68.86,97.2,103.9,26.8,85.4,106.4
28-Mar-08,230.8,277.1,467.17,148.11,223.54,301.52,65.83,100.5,103.8,42.1,88.7,106.7
4-Apr-08,226.7,271.18,465.5,155.88,195.73,305.69,64.46,103.1,103.9,45.4,89.4,106.9
11-Apr-08,221.4,263.91,463.83,156.46,204.8,318.86,67.58,97.4,105,43.4,89.2,107.3
18-Apr-08,221,257.27,461.5,159.92,198.04,326.57,70.62,96.9,105,38.4,92.4,108
25-Apr-08,224.5,253,460.83,157.7,187.54,323.88,73.51,100.7,104.9,42.4,96,107.8
2-May-08,217.5,238.75,459.83,158.47,173.16,314.59,73.44,102.3,103.1,47.4,96.5,105.9
9-May-08,217.2,233.27,457.17,159.88,174.83,326,76.83,99.5,103.5,53.3,97,105.3
16-May-08,219.4,230.41,462,157.43,169.1,330.14,79.66,96.2,103.6,59.3,97.2,105.7
23-May-08,223.9,233.22,454.5,150.36,161.99,322.46,80.25,97.9,103.6,60.3,96.7,106.9
30-May-08,223.2,235.13,433.93,154.09,157.32,329.8,83.91,100.9,103.4,61.6,101.5,106.4
6-Jun-08,220.3,235.86,473.57,160.41,142.64,352.3,80.44,102,103.9,60.3,100.3,105.9
13-Jun-08,220.63,240,506.78,180.28,154.89,385.14,87.94,97.6,104.2,63.9,104.5,105.7
20-Jun-08,223,211.76,482.56,194.26,174.36,375.78,85.75,98,104.3,63.6,105.8,105.8
27-Jun-08,225.9,220.07,472.49,186.62,168.57,384.63,86.35,99.8,103.5,57.9,103,106.5
4-Jul-08,234.4,263.91,526.63,190.27,167,401.64,90.9,103.2,103.4,60.6,100.8,107.5
11-Jul-08,232.5,205.4,460.96,181.12,158.71,390.29,87.03,99.1,104.6,57.6,98.2,107.3
18-Jul-08,222.6,204.79,421.3,169.7,155.3,355.44,88.1,97.6,104.3,46.7,100.3,108.2
25-Jul-08,215.3,203.13,401.83,150,145.72,340.19,82.09,100.1,104.1,52,103.5,107.3
1-Aug-08,212,200.33,408.41,158.75,151.94,334.07,80.45,102.9,103.6,55.3,101.8,106.4
8-Aug-08,208.17,200.71,371.13,147.56,161.61,302.01,79.71,101.8,104.3,55.3,100.5,104.7
15-Aug-08,202.5,208.5,416.54,148.35,168.88,319.06,77.41,96.9,104.3,60.6,98.5,101.3
22-Aug-08,184,196.2,427.72,162.11,179.34,349.74,74.35,97.7,104.1,57,96.5,100.6
29-Aug-08,170.9,193.3,451.42,168.92,173.43,355.09,78.12,100.3,103.6,56,95.5,100.2
5-Sep-08,161.2,192.5,395.08,168.08,163.19,324.83,76.13,102.5,103.8,55.3,92.9,98.2
12-Sep-08,149.4,191.4,408.87,164.29,158.17,326,72.24,97.4,104.2,53,92.2,96
19-Sep-08,144.8,190.1,393.25,160.19,149.05,319.65,65.25,97.5,104.4,20.5,89.2,97.2
26-Sep-08,140.7,188.7,382.83,163.03,158.87,312.21,69.27,103.9,105.8,27.8,96.7,99.9
3-Oct-08,137.1,185.65,363.67,151.4,150.73,278.08,69.54,108.8,105.7,25.2,93.2,95.6
10-Oct-08,132.3,180.45,349.5,135.25,138.21,263.41,61.71,101.9,106.1,18.9,92.9,92.6
17-Oct-08,128.5,171.45,330.5,137.24,136.51,260.55,53.68,99.9,106.7,14.9,101.3,92.2
24-Oct-08,129.4,167.5,330.5,145.8,147.72,270.92,52.03,101.8,107.1,34.4,94.2,88.3
31-Oct-08,131.6,167.39,330.5,135.86,137.67,283.34,47.59,107.3,106.1,20.2,98.7,86.3
7-Nov-08,130.1,164.4,325.5,142.43,152.67,281.42,47.39,110.3,106.7,12.9,96.2,87.6
14-Nov-08,126.6,161.85,310,131.15,138.64,274.96,42.07,103.4,107.2,7,95.2,86.1
21-Nov-08,123.3,160,304.67,129.34,141.33,262.7,39,104.4,107.7,2.3,85.1,85.9
28-Nov-08,121,158.25,295.17,119.86,141.9,255.3,38.47,108.6,107.6,2.3,78.1,87.6
5-Dec-08,119.1,155.3,290.83,114.62,135.48,247.9,35.65,111.9,108.8,1.3,67,86.6
12-Dec-08,118.2,152.61,284.17,105.13,120.78,257.53,30.86,109.8,109.9,0.7,67.3,89.3
19-Dec-08,119.3,150,278.5,121.58,131.26,250.86,30.62,112.4,110.6,1,56.9,95.4
26-Dec-08,123,154.88,272.5,122.77,136.89,262.56,25.93,116.8,110.9,0.7,54.9,95.3
2-Jan-09,121.5,143.63,281,125.14,145.68,274.66,24.76,121.8,111.1,3,56.4,95.7
9-Jan-09,126.13,143.67,285.75,135.08,156.01,299.39,32.53,119.2,112,3.6,62.5,92.6
16-Jan-09,127.7,149.75,292.5,121.34,139.76,304.02,31.93,110.8,111.5,4,57.9,90
23-Jan-09,129.2,150.95,319.17,133.69,139.27,313.3,34.4,109.2,111.3,3.6,64.5,87.9
30-Jan-09,135.7,155.65,337.17,132.24,151.88,302.89,34.18,110.9,110.7,6.3,69.3,89
6-Feb-09,133.6,157.65,333.17,128.68,146.44,305.53,34.1,112.9,110.9,9.6,73.6,87.7
13-Feb-09,130.5,157.05,344.83,131.48,147.14,293.28,35.23,107.8,111.5,9.9,72.5,88.1
20-Feb-09,129.1,155.05,342.5,125.93,138.91,271.54,33.59,108.5,111.7,9.9,69.3,86
27-Feb-09,127.8,151.95,325.83,126.18,142.32,271.71,33.19,110.4,111.5,9.6,73.3,86.7
6-Mar-09,126.1,148.15,323.17,122.54,139.84,272.14,34.89,113.1,112.4,7.9,73,85.8
13-Mar-09,124.7,144.75,323.17,126.3,146.7,268.07,34.13,109.9,113.5,7.3,73.6,87
20-Mar-09,125.4,143.8,329.17,123.49,142.24,275.39,33.8,110.8,114.1,7.3,69.3,90.4
27-Mar-09,126.8,143.8,334.83,126.66,137.22,267.8,38.5,113.8,113.4,6,69,92
3-Apr-09,126.4,142.25,340.83,129.25,138.96,286.42,36.19,117.1,113,7,69.5,90.7
10-Apr-09,126.6,141.95,346.5,129.25,141.11,292.88,38.73,118.5,113.9,6.3,73.8,90.2
17-Apr-09,127.5,142.17,359.83,130.77,139.22,308.39,39.59,111.7,114.2,5,72.3,90
24-Apr-09,131.8,142.78,371.5,123.92,132.45,302.19,37.15,113.5,113.8,4.3,74.6,88.9
1-May-09,134.67,146,374.83,124.56,133.62,319.27,37.5,116.2,112.4,4.3,78.1,90
8-May-09,136.8,147.85,396.5,129.98,141.22,321.86,40.14,115.8,113,6.3,81.4,91.2
15-May-09,147.4,152.6,389.83,134.26,149.97,326.03,41.8,111.2,113.3,6,79.1,92.7
22-May-09,157,157.3,388.83,130.25,143.65,325.83,41.25,113.4,113.4,6,82.9,93.6
29-May-09,162.2,159,382.83,128.73,149.47,325,42.98,116.8,112.9,5.3,90.4,95.4
5-Jun-09,154.38,151.8,379,135.1,159.27,333.17,46.94,117.8,113.3,5,93.2,96.5
12-Jun-09,146.8,160.14,388,136.2,149.23,342.01,49.56,114.4,114.1,6.3,98,95.4
19-Jun-09,146,151.5,387.5,127.3,139.32,327.43,50.03,115.2,114,5.6,94.5,94.7
26-Jun-09,145.1,145.25,380,121.07,138.61,331.3,48.61,118.9,113.1,6.3,91.4,95.3
3-Jul-09,143.6,141.83,381,111.56,130.02,341.23,48.51,122.2,112.4,6,88.9,95.8
10-Jul-09,141.4,144.9,383,106.34,122.91,304.56,44.3,117.3,113.6,6.3,86.1,95
17-Jul-09,137.3,144.63,340.58,112.6,125.83,286.07,42.76,114,113.2,6,89.4,95.8
24-Jul-09,130.7,142.31,322.33,103.08,125.84,280.6,46.16,116.3,112.9,6.3,91.2,96.9
31-Jul-09,126.7,142.95,413.29,106.09,122.47,310.83,48.51,119.7,112.4,6.3,92.4,96.5
7-Aug-09,131.33,146.14,392.65,111.33,124.7,316.83,50.77,121.4,112.8,6,95,97.8
14-Aug-09,171.64,175.91,382.09,106.86,109.96,314.57,51.17,114.1,113.1,6,92.4,96.8
21-Aug-09,125.63,135.08,376.33,103.16,106.79,284.74,49.84,115.9,113.1,5.6,87.7,96.7
28-Aug-09,122.8,138.18,373.67,104.97,108.97,312.33,50.28,116.9,112.1,5.3,87.2,97.5
4-Sep-09,120.3,135.77,324.21,102.9,114.19,264.58,48.34,119.8,112.2,4.6,84.9,97.3
11-Sep-09,120.7,134.77,295.9,97.38,107.38,243.96,46.98,114.5,113.2,4.6,85.9,99.2
18-Sep-09,123.2,134.59,317,107.76,110.69,255.87,46.39,113.3,113.4,3.6,87.2,100
25-Sep-09,122.2,134.27,309.17,104.06,106.63,261.49,45.86,115.7,112.7,3.6,86.4,100.3
2-Oct-09,122.6,134.5,306.17,108.6,104.89,244.54,45.02,120,112.1,4,82.6,99.4
9-Oct-09,125.9,135.14,302.67,109.63,108.42,261.06,45.62,117.2,113.1,2.6,82.6,100.2
16-Oct-09,129.4,138.14,313,115.11,120.16,262.93,48.07,113.7,113.3,2.3,86.4,101.5
23-Oct-09,133.2,141.77,316.33,113.36,122.32,266.15,51.11,116.6,113.5,2.3,86.4,102.1
30-Oct-09,133.8,143.41,316.33,113.52,121.22,262.17,51.89,120.7,112.8,2.3,87.9,101
6-Nov-09,131.7,143.32,317.33,116.16,128.74,250.44,51.49,122.9,113.4,1.7,88.9,100.9
13-Nov-09,132.1,143.32,314.83,116.77,133.58,263.81,51.52,116.3,114.2,2.3,87.7,101.7
20-Nov-09,136.3,143.86,320.5,119.18,148.5,271.95,51.97,116.1,114.5,1.3,84.4,101.6
27-Nov-09,138.3,144.32,322.5,110.84,137.44,272.9,51.26,119.8,114,1.7,83.1,102.1
4-Dec-09,136.6,144.59,323.5,115.77,145.45,266.53,51.26,124.4,114.3,2,84.1,102.4
11-Dec-09,134.94,141.13,319.5,107.24,138.12,270.52,50.62,117.5,115,1,87.4,100.3
18-Dec-09,136.6,144.59,326.83,116.43,143.33,271.66,49.86,117.6,115,1.3,89.7,98.6
25-Dec-09,140.33,148.06,328.33,116.56,138.57,267.45,50.64,122.5,114.8,2.3,94.7,97.6
1-Jan-10,143,142.25,330,116.69,143.72,278.33,53.64,128,114.6,2.6,96.5,97.8
8-Jan-10,141.9,143.88,337.25,122.95,142.36,278.67,56.01,126.8,114.7,2,96.5,98
15-Jan-10,141.7,146.5,331.33,117.23,141.16,264.57,54.88,114.8,114.2,1.7,95,98.7
22-Jan-10,140.7,145.95,330.33,114.82,135.17,263.19,53.49,116.3,113.9,2,92.2,96.5
29-Jan-10,139.8,144.82,326.83,114.66,135.62,256.64,51.78,118.5,113,2.3,92.2,95.6
5-Feb-10,139.5,144,321,118.76,136.81,257.78,53.36,120.9,113.3,3.3,92.2,94.2
12-Feb-10,140.5,143,322,118.35,138.2,272.35,51.96,116.3,114,3.6,92.9,93.3
19-Feb-10,141.9,142.18,323.83,120.49,146.08,272.88,54.55,118.7,114.6,3.3,94.2,92.8
26-Feb-10,141.9,140.86,328,120.32,144.66,274.02,56.31,120.3,114.3,4,92.9,92.4
5-Mar-10,141.1,140.23,329.17,121.45,145.27,269.11,56.99,122.4,114.6,4.6,91.4,92.6
12-Mar-10,140.2,140.05,325.83,115.4,140.68,261.59,57.62,118.4,115.3,5.3,93.7,93.1
19-Mar-10,140,140.05,325.83,116.02,140.21,275.21,58.57,120.1,115.5,5.3,92.7,93
26-Mar-10,141.8,140.09,330.83,117.27,139.71,275.17,58.92,123.6,115.1,4.6,95.5,91.5
2-Apr-10,144.2,141.05,330.83,115.03,138.32,268.73,59.47,126.8,115,5.3,98,91.9
9-Apr-10,145.8,137.13,328.83,114.28,136.85,270.62,62.41,122.7,116.3,5.6,99.2,91.4
16-Apr-10,148.1,142.32,333.83,115.04,137.36,277.51,62.73,117.9,116.1,5.3,97,92.5
23-Apr-10,151,144.77,338.83,118.89,142.43,287.49,63.17,121,115.8,5.3,96,91.2
30-Apr-10,150.6,147.2,346.17,117.53,142.19,284.37,64.71,123.3,114.5,5.3,94.7,90.3
7-May-10,149.2,147.09,350.33,127.1,156.03,288.41,65.28,125.6,114.9,4.6,89.7,87.9
14-May-10,150.1,147.09,356.67,133.94,154.64,295.16,63.12,117.7,115.3,5.3,89.2,86.1
21-May-10,151.7,148.36,315.73,128.93,146.05,294.61,58.37,118.6,115.8,5.6,83.9,84.4
28-May-10,154.3,151.32,278.72,130.58,149.83,296.62,56.57,121.7,114.8,5.6,81.9,84
4-Jun-10,155.5,153.9,329.04,129.44,151.8,304.36,60.75,124.8,115.4,5,83.4,82.9
11-Jun-10,154.3,155.5,316.67,123.44,145.06,306.55,59.73,119.4,116.2,3.3,81.1,82
18-Jun-10,151.8,160.25,308.05,124.66,148.42,304.41,61.24,118.6,115.9,3,82.1,84
25-Jun-10,151.63,169.56,342.89,125.37,151.9,305.3,62.59,122.9,115.5,4.3,79.8,84
2-Jul-10,152,137,280.04,117.18,146.26,299.55,59.74,127.8,114.9,5.6,75.3,84.3
9-Jul-10,157.1,144.25,323.47,126.95,160.5,314.67,57.51,123.1,115.6,5.3,76.1,86.1
16-Jul-10,166.8,155.21,309.37,126.82,167.25,315,58.48,118.1,115.5,5,76.8,87
23-Jul-10,169.4,161.9,349.77,124.85,172.93,313.96,59.76,119.9,115.2,5.3,74.8,87.8
30-Jul-10,169.4,168.25,355.33,119.14,174.86,317.85,59.86,124.2,114.7,5,76.1,88.7
6-Aug-10,179,180.5,345.66,126.39,192.27,314.97,63.52,126.2,115.3,5.3,74.1,90
13-Aug-10,197.13,189,368.12,129.49,206.34,320.53,63,119.8,115.9,5,69.5,88.4
20-Aug-10,195.5,196.25,321.59,142.24,195.41,317.1,60.11,120.5,116,5.3,65.7,87.4
27-Aug-10,196.3,207.89,345.07,138.97,200.79,313.01,58.04,123.9,115.3,5.3,64.5,86.5
3-Sep-10,186.4,210.4,367.75,140.88,205.63,314.92,59.6,128,115.3,4.6,65.2,87.1
10-Sep-10,191.6,211.1,368.19,154.15,224.57,316.9,60.72,121.9,116.5,4.6,68.3,86.7
17-Sep-10,199.8,213.4,386.33,160.21,217.34,316.65,60.59,119.4,116.7,5,69,88.6
24-Sep-10,207.4,218,361.29,154.18,205.2,323.4,58.79,122.4,116.2,5.3,65.7,90.5
1-Oct-10,203.1,217.8,367.86,154.17,189.99,299.01,58.2,127.2,115.6,5.3,63.5,92.7
8-Oct-10,194.8,212.95,346.67,153.08,183.53,316.21,60.91,126.7,116.8,4.3,61.7,94.4
15-Oct-10,203.9,217.05,359.67,176.18,194.29,323.38,59.97,121.5,117.1,4.6,63,95.2
22-Oct-10,201.4,216.35,359.67,168.95,187.62,329.22,59.49,123,117.4,4.6,64,94.9
29-Oct-10,202.1,217.35,360.5,179.13,197.41,342.71,59.78,127.4,116.4,4.3,67.3,94.7
5-Nov-10,204,219.17,360.5,176.17,197.42,346.46,60.64,129.6,117,4.3,65.7,95.6
12-Nov-10,209.6,223.25,366.83,179.24,212.17,354.67,64.22,130.3,117.8,4.3,67.5,94.1
19-Nov-10,209.3,225.65,365.83,166.56,193.13,342.2,62.23,124.2,118.1,4.6,72.8,92.6
26-Nov-10,207.3,227.85,366.5,172.8,204.07,363.4,63.27,128.5,117.7,5.3,71.5,91.3
3-Dec-10,209.4,232.25,374.17,174.17,208.95,382.59,65.82,135.3,118,5.3,73.8,89.8
10-Dec-10,214.6,246.17,379,181.25,235.74,375.09,68.84,127.4,118.6,4.6,80.1,90.3
17-Dec-10,219.6,251.85,384.83,189.05,228.82,381.49,68.88,126.5,118.9,4.6,86.1,90.5
24-Dec-10,227.8,265.17,397.17,194.83,232.82,399.58,71.57,131.8,119,4.6,84.9,89.3
31-Dec-10,237,256,408,196,238.75,395.84,70.56,139.5,119.2,4.6,85.1,89.8
