Name,"Flour, white, all purpose, per lb. (453.6 gm)","Bread, white, pan, per lb. (453.6 gm)","Ground chuck, 100% beef, per lb. (453.6 gm)","Ground beef, lean and extra lean, per lb. (453.6 gm)","Chuck roast, USDA Choice, boneless, per lb. (453.6 gm)","Bologna, all beef or mixed, per lb. (453.6 gm)","Bacon, sliced, per lb. (453.6 gm)","Chicken, fresh, whole, per lb. (453.6 gm)","Chicken legs, bone-in, per lb. (453.6 gm)","Milk, fresh, whole, fortified, per gal. (3.8 lit)","Butter, salted, grade AA, stick, per lb. (453.6 gm)","American processed cheese, per lb. (453.6 gm)","Ice cream, prepackaged, bulk, regular, per 1/2 gal. (1.9 lit)","Apples, Red Delicious, per lb. (453.6 gm)","Bananas, per lb. (453.6 gm)","Lemons, per lb. (453.6 gm)","Potatoes, white, per lb. (453.6 gm)","Lettuce, iceberg, per lb. (453.6 gm)","Orange juice, frozen concentrate, 12 oz. can, per 16 oz. (473.2 ml)","Peanut butter, creamy, all sizes, per lb. (453.6 gm)","Potato chips, per 16 oz.",Fuel oil #2 per gallon (3.785 liters),Electricity per KWH,Utility (piped) gas per therm,"Gasoline, unleaded regular, per gallon/3.785 liters"
"Jan
1990",0.253,0.689,1.907,2.148183,2.486,2.423,1.966,0.882,1.125,2.456688,2.11,3.464114,2.719,0.601,0.429,0.925,0.333,0.605,1.817,1.829,2.866,1.259,0.081,0.599,1.042
"Feb
1990",0.249,0.701,1.952,2.155894,2.505,2.438,2.009,0.896,1.168,2.490056,2.067,3.46226,2.656,0.632,0.492,0.933,0.355,0.511,1.98,1.877,2.947,1.023,0.081,0.603,1.037
"Mar
1990",0.252,0.68,1.941,2.164487,2.437,2.446,1.991,0.928,1.223,2.465299,2.049,3.474089,2.569,0.652,0.5,1.015,0.387,0.48,2.15,1.856,2.962,0.987,0.081,0.596,1.023
"Apr
1990",0.251,0.686,1.969,2.170548,2.466,2.472,1.979,0.897,1.159,2.460994,2.001,3.472966,2.589,0.65,0.481,1.127,0.434,0.5,2.214,1.851,2.984,0.968,0.082,0.57,1.044
"May
1990",0.254,0.678,1.974,2.084929,2.468,2.472,2.044,0.902,1.182,2.444848,2.008,3.441366,2.585,0.653,0.462,1.101,0.427,0.513,2.241,1.861,2.94,0.952,0.082,0.581,1.061
"Jun
1990",0.259,0.687,1.971,2.092801,2.432,2.543,2.147,0.928,1.23,2.434084,1.962,3.444079,2.586,0.697,0.447,1.103,0.422,0.441,2.276,1.872,2.951,0.909,0.088,0.588,1.088
"Jul
1990",0.26,0.685,1.953,2.100682,2.417,2.52,2.21,0.917,1.233,2.457764,1.97,3.446967,2.576,0.75,0.529,1.179,0.405,0.569,2.289,1.882,2.945,0.88,0.087,0.576,1.084
"Aug
1990",0.255,0.713,1.972,2.108569,2.488,2.562,2.243,0.912,1.232,2.476063,1.957,3.449509,2.634,0.832,0.463,1.155,0.381,0.562,2.227,1.879,2.949,0.998,0.087,0.578,1.19
"Sep
1990",0.249,0.7,1.991,2.116466,2.468,2.496,2.176,0.907,1.225,2.471758,1.953,3.452604,2.614,0.877,0.465,1.158,0.348,0.646,2.262,1.861,2.98,1.165,0.088,0.585,1.294
"Oct
1990",0.244,0.706,1.968,2.124366,2.51,2.503,2.208,0.883,1.201,2.490056,1.977,3.454986,2.613,0.765,0.432,1.145,0.322,0.746,2.21,1.882,3.032,1.33,0.083,0.591,1.378
"Nov
1990",0.235,0.71,1.999,2.132286,2.572,2.61,2.242,0.88,1.155,2.46207,1.923,3.458858,2.574,0.741,0.429,1.076,0.315,0.783,2.102,1.952,2.971,1.305,0.082,0.596,1.377
"Dec
1990",0.236,0.7,2.022,2.140179,2.597,2.604,2.283,0.858,1.165,2.42332,1.922,3.460023,2.54,0.772,0.43,0.974,0.318,0.579,2.021,2.066,2.971,1.273,0.082,0.605,1.354
"Jan
1991",0.244,0.705,1.996,2.184,2.622,2.631,2.257,0.886,1.195,2.412556,1.935,3.492,2.546,0.81,0.438,1.133,0.332,0.68,2.005,2.129,2.99,1.235,0.084,0.617,1.247
"Feb
1991",0.235,0.701,1.992,2.176,2.602,2.584,2.301,0.903,1.182,2.401792,1.956,3.442,2.522,0.838,0.485,1.096,0.33,0.548,1.971,2.183,2.982,1.17,0.084,0.608,1.143
"Mar
1991",0.235,0.702,1.971,2.151,2.619,2.585,2.318,0.899,1.159,2.407174,1.943,3.46,2.561,0.843,0.577,1.079,0.327,0.512,1.902,2.178,2.954,1.086,0.085,0.599,1.082
"Apr
1991",0.237,0.701,1.98,2.184,2.631,2.611,2.271,0.885,1.152,2.397486,1.933,3.434,2.521,0.86,0.547,1.183,0.339,0.563,1.909,2.208,2.96,1.016,0.084,0.587,1.104
"May
1991",0.235,0.705,1.988,2.188,2.588,2.582,2.311,0.883,1.154,2.391028,1.94,3.398,2.561,0.892,0.584,1.271,0.343,0.62,1.877,2.202,2.937,0.968,0.085,0.598,1.156
"Jun
1991",0.237,0.705,1.987,2.143,2.599,2.571,2.305,0.878,1.157,2.398562,1.897,3.378,2.585,0.936,0.532,1.296,0.386,0.73,1.848,2.172,3.062,0.945,0.09,0.586,1.16
"Jul
1991",0.239,0.7,1.96,2.146,2.515,2.593,2.309,0.888,1.164,2.379187,1.925,3.383,2.592,0.956,0.516,1.338,0.376,0.528,1.807,2.184,2.929,0.926,0.091,0.589,1.127
"Aug
1991",0.238,0.714,1.97,2.167,2.51,2.668,2.219,0.869,1.163,2.389951,1.934,3.379,2.605,0.964,0.416,1.294,0.35,0.495,1.767,2.16,2.939,0.927,0.09,0.584,1.14
"Sep
1991",0.232,0.717,1.95,2.131,2.464,2.583,2.16,0.874,1.136,2.39641,1.924,3.449,2.621,0.974,0.432,1.288,0.314,0.509,1.756,2.121,2.901,0.942,0.091,0.589,1.143
"Oct
1991",0.23,0.72,1.942,2.137,2.465,2.578,2.121,0.878,1.12,2.39641,1.962,3.471,2.594,0.846,0.395,1.322,0.29,0.517,1.718,2.109,3.021,0.966,0.087,0.598,1.122
"Nov
1991",0.218,0.731,1.949,2.181,2.553,2.529,2.071,0.857,1.131,2.409326,1.935,3.462,2.588,0.839,0.431,1.215,0.287,0.868,1.771,2.071,2.93,1.02,0.084,0.604,1.134
"Dec
1991",0.223,0.717,1.932,2.142,2.547,2.543,1.994,0.864,1.141,2.43516,1.938,3.487,2.632,0.864,0.419,1.21,0.283,0.686,1.739,2.044,2.954,1.017,0.085,0.606,1.123
"Jan
1992",0.241,0.726,1.926,2.184,2.49,2.492,1.957,0.878,1.147,2.430854,1.931,3.409,2.631,0.876,0.428,1.056,0.286,0.573,1.879,2.026,2.942,0.985,0.085,0.611,1.073
"Feb
1992",0.244,0.73,1.932,2.186,2.462,2.483,1.954,0.849,1.092,2.415785,1.955,3.452,2.638,0.886,0.493,1.003,0.285,0.501,1.963,2.019,2.914,0.975,0.084,0.6,1.054
"Mar
1992",0.239,0.747,1.972,2.186,2.603,2.51,1.922,0.859,1.066,2.417938,1.922,3.3,2.546,0.899,0.517,0.933,0.28,0.524,1.922,1.998,2.943,0.961,0.086,0.567,1.058
"Apr
1992",0.238,0.746,1.949,2.174,2.569,2.5,1.915,0.861,1.113,2.403944,1.807,3.385,2.628,0.913,0.484,0.921,0.285,0.546,1.976,1.96,2.857,0.951,0.086,0.575,1.079
"May
1992",0.245,0.752,1.924,2.158,2.512,2.426,1.904,0.854,1.104,2.398562,1.893,3.267,2.577,0.925,0.445,0.981,0.292,0.532,1.959,1.958,2.871,0.952,0.087,0.58,1.136
"Jun
1992",0.244,0.757,1.917,2.155,2.515,2.458,1.926,0.861,1.131,2.424396,1.819,3.337,2.599,0.962,0.463,0.988,0.294,0.498,1.933,1.962,2.906,0.954,0.092,0.582,1.179
"Jul
1992",0.252,0.771,1.857,2.092,2.479,2.452,1.937,0.878,1.147,2.42009,1.845,3.312,2.562,0.991,0.431,1.017,0.328,0.508,1.936,1.918,2.911,0.947,0.092,0.586,1.174
"Aug
1992",0.256,0.776,1.88,2.127,2.422,2.492,1.938,0.882,1.144,2.436236,1.852,3.295,2.615,1.015,0.509,1.009,0.352,0.638,1.906,1.874,2.974,0.943,0.091,0.582,1.158
"Sep
1992",0.249,0.756,1.894,2.129,2.469,2.425,1.925,0.881,1.116,2.443771,1.811,3.327,2.583,0.933,0.459,1.144,0.33,0.709,1.877,1.905,2.856,0.945,0.092,0.604,1.158
"Oct
1992",0.241,0.752,1.896,2.157,2.477,2.445,1.892,0.865,1.112,2.448077,1.812,3.371,2.603,0.765,0.442,1.11,0.313,0.657,1.83,1.872,2.937,0.969,0.088,0.614,1.154
"Nov
1992",0.234,0.747,1.909,2.155,2.487,2.484,1.85,0.885,1.125,2.439466,1.662,3.262,2.531,0.753,0.422,1.007,0.301,0.578,1.774,1.897,2.836,0.978,0.086,0.623,1.159
"Dec
1992",0.233,0.738,1.908,2.155,2.549,2.454,1.863,0.879,1.139,2.424396,1.642,3.098,2.489,0.764,0.404,0.904,0.308,0.657,1.7,1.881,2.84,0.971,0.088,0.623,1.136
"Jan
1993",0.242,0.748,1.97,2.209,2.529,2.42,1.874,0.875,1.095,2.419014,1.694,3.146,2.567,0.81,0.426,0.92,0.311,0.625,1.677,1.894,2.832,0.969,0.089,0.627,1.117
"Feb
1993",0.242,0.751,1.957,2.194,2.568,2.43,1.84,0.871,1.084,2.406097,1.68,3.162,2.551,0.817,0.475,0.868,0.311,0.579,1.753,1.847,2.935,0.973,0.087,0.619,1.108
"Mar
1993",0.238,0.742,1.984,2.209,2.545,2.436,1.802,0.879,1.099,2.402868,1.733,3.142,2.563,0.802,0.475,0.879,0.327,0.843,1.619,1.839,2.839,0.977,0.088,0.616,1.098
"Apr
1993",0.23,0.744,2,2.223,2.554,2.433,1.892,0.874,1.127,2.400715,1.643,3.157,2.509,0.802,0.483,0.901,0.354,0.854,1.627,1.865,2.836,0.977,0.088,0.616,1.112
"May
1993",0.239,0.752,1.975,2.228,2.567,2.437,1.91,0.888,1.147,2.399639,1.666,3.151,2.411,0.815,0.472,0.971,0.36,0.779,1.572,1.826,2.898,0.963,0.09,0.628,1.129
"Jun
1993",0.238,0.752,1.933,2.189,2.55,2.416,1.949,0.891,1.1,2.441618,1.645,3.137,2.528,0.835,0.446,1.058,0.379,0.531,1.587,1.854,2.827,0.95,0.094,0.636,1.13
"Jul
1993",0.237,0.762,1.945,2.22,2.596,2.441,1.955,0.89,1.106,2.430854,1.663,3.088,2.432,0.854,0.448,1.222,0.376,0.648,1.558,1.843,2.893,0.937,0.095,0.635,1.109
"Aug
1993",0.238,0.745,1.911,2.228,2.5,2.288,1.954,0.896,1.069,2.453459,1.689,3.093,2.548,0.904,0.422,1.291,0.37,0.654,1.61,1.843,2.966,0.906,0.097,0.638,1.097
"Sep
1993",0.232,0.748,1.886,2.22,2.474,2.294,1.982,0.897,1.094,2.449153,1.642,3.013,2.497,0.939,0.395,1.341,0.341,0.64,1.626,1.805,2.895,0.907,0.097,0.646,1.085
"Oct
1993",0.228,0.75,1.913,2.235,2.535,2.341,1.988,0.893,1.116,2.429778,1.63,3.05,2.61,0.85,0.405,1.341,0.341,0.587,1.615,1.81,2.911,0.924,0.093,0.648,1.127
"Nov
1993",0.227,0.771,1.922,2.245,2.526,2.37,2.008,0.918,1.077,2.443771,1.613,3,2.596,0.798,0.404,1.159,0.347,0.606,1.643,1.817,2.843,0.927,0.091,0.645,1.113
"Dec
1993",0.222,0.76,1.907,2.249,2.471,2.303,2.018,0.91,1.13,2.469605,1.608,2.994,2.591,0.778,0.414,1.054,0.364,0.525,1.672,1.88,2.918,0.914,0.09,0.662,1.07
"Jan
1994",0.233,0.768,1.892,2.219,2.442,2.334,2.041,0.899,1.117,2.496515,1.638,3.049,2.532,0.789,0.44,0.942,0.369,0.506,1.674,1.863,2.872,0.919,0.09,0.662,1.043
"Feb
1994",0.23,0.756,1.882,2.234,2.492,2.312,2.019,0.888,1.114,2.484674,1.608,3.087,2.515,0.81,0.514,0.844,0.373,0.542,1.648,1.899,3.018,0.978,0.09,0.661,1.051
"Mar
1994",0.226,0.755,1.904,2.208,2.503,2.324,2.017,0.891,1.087,2.484674,1.62,3.125,2.581,0.804,0.5,0.838,0.395,0.613,1.665,1.84,2.97,0.966,0.089,0.666,1.045
"Apr
1994",0.226,0.765,1.872,2.213,2.482,2.286,2.063,0.899,1.118,2.486827,1.612,3.061,2.636,0.803,0.469,0.911,0.413,0.532,1.662,1.875,3.012,0.935,0.088,0.663,1.064
"May
1994",0.229,0.765,1.857,2.222,2.499,2.278,2.016,0.902,1.134,2.471758,1.607,3.114,2.638,0.806,0.469,0.961,0.389,0.535,1.6,1.896,2.999,0.919,0.09,0.65,1.08
"Jun
1994",0.236,0.761,1.865,2.181,2.39,2.273,1.985,0.918,1.155,2.484674,1.607,3.027,2.624,0.822,0.447,1.057,0.39,0.519,1.598,1.877,2.968,0.906,0.095,0.642,1.106
"Jul
1994",0.236,0.759,1.797,2.16,2.355,2.297,2,0.92,1.159,2.479292,1.604,3.063,2.665,0.848,0.452,1.293,0.401,0.564,1.64,1.898,2.902,0.898,0.095,0.638,1.136
"Aug
1994",0.238,0.753,1.841,2.123,2.466,2.233,1.987,0.905,1.121,2.478216,1.633,3.096,2.646,0.881,0.48,1.45,0.389,0.531,1.578,1.86,2.992,0.894,0.096,0.64,1.182
"Sep
1994",0.237,0.776,1.853,2.145,2.431,2.254,1.973,0.901,1.163,2.445924,1.648,3.048,2.663,0.874,0.453,1.503,0.355,0.617,1.594,1.824,2.965,0.894,0.096,0.639,1.177
"Oct
1994",0.232,0.756,1.857,2.168,2.443,2.311,1.965,0.889,1.144,2.463146,1.617,2.997,2.709,0.745,0.43,1.339,0.34,0.652,1.574,1.822,2.924,0.89,0.093,0.636,1.152
"Nov
1994",0.225,0.766,1.826,2.146,2.401,2.273,1.917,0.904,1.134,2.479292,1.493,3.051,2.683,0.735,0.434,1.131,0.339,0.776,1.55,1.769,3.02,0.894,0.091,0.639,1.163
"Dec
1994",0.225,0.748,1.838,2.137,2.448,2.268,1.892,0.895,1.123,2.482522,1.543,3.115,2.617,0.722,0.458,1.037,0.335,0.905,1.549,1.794,3.012,0.9,0.091,0.647,1.143
"Jan
1995",0.238,0.767,1.847,2.17,2.423,2.265,1.93,0.897,1.112,2.445924,1.592,3.116,2.659,0.765,0.503,0.988,0.339,0.821,1.583,1.808,3.079,0.913,0.091,0.645,1.129
"Feb
1995",0.242,0.767,1.859,2.168,2.454,2.276,1.93,0.893,1.146,2.463146,1.545,3.08,2.55,0.789,0.496,0.962,0.337,0.602,1.609,1.793,3.014,0.915,0.091,0.64,1.12
"Mar
1995",0.242,0.775,1.881,2.174,2.486,2.258,1.91,0.917,1.153,2.465299,1.6,3,2.686,0.793,0.508,0.912,0.348,0.607,1.629,1.817,2.975,0.906,0.091,0.629,1.115
"Apr
1995",0.236,0.776,1.839,2.159,2.415,2.316,1.89,0.911,1.152,2.415785,1.52,3.03,2.629,0.784,0.485,0.966,0.359,1.343,1.632,1.848,3.048,0.9,0.09,0.629,1.14
"May
1995",0.244,0.768,1.866,2.153,2.388,2.322,1.918,0.891,1.141,2.471758,1.565,3.108,2.634,0.813,0.483,0.971,0.357,1.346,1.632,1.831,2.952,0.901,0.092,0.617,1.2
"Jun
1995",0.244,0.781,1.821,2.072,2.401,2.269,1.896,0.908,1.134,2.456688,1.553,3.045,2.649,0.833,0.49,1.079,0.396,0.804,1.62,1.789,2.987,0.895,0.098,0.608,1.226
"Jul
1995",0.248,0.789,1.798,2.016,2.363,2.262,1.906,0.919,1.13,2.477,1.621,3.078,2.665,0.864,0.522,1.315,0.439,0.609,1.639,1.827,2.971,0.885,0.098,0.608,1.195
"Aug
1995",0.255,0.797,1.818,2.035,2.362,2.358,1.968,0.908,1.15,2.482,1.617,2.985,2.667,0.901,0.512,1.401,0.425,0.658,1.642,1.793,3.035,0.879,0.098,0.602,1.164
"Sep
1995",0.256,0.808,1.776,2.056,2.41,2.318,2.042,0.939,1.195,2.459,1.605,3.029,2.683,0.923,0.49,1.402,0.399,0.859,1.607,1.801,2.97,0.87,0.097,0.605,1.148
"Oct
1995",0.254,0.809,1.853,2.076,2.454,2.382,2.117,0.93,1.176,2.473,1.67,3.081,2.735,0.863,0.471,1.343,0.396,0.7,1.583,1.781,3.02,0.873,0.094,0.602,1.127
"Nov
1995",0.243,0.821,1.846,2.053,2.451,2.365,2.155,0.948,1.209,2.493,1.686,3.084,2.61,0.853,0.462,1.179,0.377,0.652,1.55,1.776,2.979,0.879,0.092,0.6,1.101
"Dec
1995",0.243,0.837,1.85,2.038,2.498,2.343,2.166,0.939,1.201,2.518,1.733,3.15,2.675,0.834,0.454,1.117,0.38,0.614,1.573,1.78,3.026,0.905,0.091,0.625,1.101
"Jan
1996",0.262,0.86,1.799,2.045,2.44,2.344,2.138,0.941,1.218,2.546,1.74,3.107,2.665,0.877,0.463,1.011,0.385,0.769,1.577,1.809,3.004,1.007,0.091,0.632,1.129
"Feb
1996",0.262,0.858,1.796,2.03,2.444,2.324,2.203,0.94,1.232,2.541,1.68,3.227,2.673,0.877,0.501,0.902,0.385,0.587,1.625,1.806,2.96,1.001,0.091,0.637,1.124
"Mar
1996",0.274,0.852,1.764,2.042,2.431,2.308,2.202,0.933,1.217,2.539,1.697,3.149,2.752,0.894,0.539,0.896,0.392,0.647,1.609,1.784,3.035,1.02,0.092,0.616,1.162
"Apr
1996",0.266,0.865,1.808,2.045,2.44,2.277,2.242,0.947,1.212,2.537,1.651,3.182,2.728,0.915,0.505,0.934,0.394,0.646,1.657,1.805,3.075,1.065,0.092,0.623,1.251
"May
1996",0.281,0.869,1.736,1.973,2.39,2.282,2.345,0.949,1.234,2.532,1.685,3.211,2.825,0.921,0.512,1.013,0.392,0.613,1.704,1.764,2.989,1.038,0.092,0.647,1.323
"Jun
1996",0.297,0.886,1.734,2.013,2.333,2.305,2.493,0.968,1.205,2.599,1.906,3.304,2.827,0.954,0.498,1.143,0.401,0.672,1.743,1.774,2.981,0.969,0.096,0.647,1.299
"Jul
1996",0.308,0.889,1.803,2.032,2.318,2.299,2.542,0.972,1.239,2.649,2.269,3.228,2.851,0.976,0.498,1.233,0.408,0.627,1.774,1.783,3.106,0.935,0.099,0.648,1.272
"Aug
1996",0.314,0.915,1.823,2.055,2.434,2.379,2.682,0.99,1.252,2.666,2.396,3.363,2.966,0.998,0.478,1.331,0.403,0.615,1.765,1.767,3.086,0.934,0.099,0.648,1.24
"Sep
1996",0.308,0.886,1.797,2.046,2.424,2.351,2.809,1.006,1.299,2.666,2.482,3.511,3.041,1.006,0.458,1.352,0.375,0.595,1.733,1.828,3.069,0.98,0.099,0.646,1.234
"Oct
1996",0.293,0.873,1.844,2.07,2.47,2.414,2.721,1.021,1.285,2.73,2.528,3.499,3.077,0.949,0.465,1.274,0.359,0.634,1.761,1.799,3.155,1.063,0.095,0.647,1.227
"Nov
1996",0.295,0.88,1.867,2.063,2.489,2.355,2.656,1.003,1.235,2.746,2.354,3.651,2.978,0.907,0.477,1.14,0.343,0.746,1.747,1.797,3.102,1.097,0.092,0.671,1.25
"Dec
1996",0.292,0.875,1.848,2.051,2.471,2.363,2.642,1.002,1.256,2.727,2.173,3.592,2.94,0.886,0.481,1.144,0.335,0.622,1.735,1.772,3.118,1.121,0.092,0.69,1.26
"Jan
1997",0.309,0.862,1.85,2.06,2.44,2.334,2.664,1.016,1.265,2.677,2.092,3.536,2.947,0.907,0.497,1.115,0.335,0.651,1.737,1.81,3.125,1.136,0.092,0.727,1.261
"Feb
1997",0.308,0.858,1.857,2.073,2.441,2.349,2.651,1.008,1.239,2.632,2.056,3.471,2.928,0.912,0.518,1.084,0.331,0.594,1.768,1.819,3.099,1.127,0.092,0.73,1.255
"Mar
1997",0.305,0.855,1.822,2.026,2.449,2.38,2.657,1.009,1.231,2.632,2.135,3.514,2.92,0.914,0.532,1.005,0.33,0.614,1.747,1.778,3.145,1.079,0.093,0.692,1.235
"Apr
1997",0.304,0.855,1.831,2.039,2.422,2.35,2.66,1.002,1.215,2.606,2.177,3.534,2.903,0.895,0.512,0.99,0.335,0.666,1.727,1.808,3.184,1.046,0.092,0.664,1.231
"May
1997",0.31,0.854,1.854,2.071,2.419,2.333,2.627,1.007,1.221,2.608,2.121,3.528,2.876,0.912,0.484,1.059,0.338,0.598,1.736,1.817,3.056,1.031,0.093,0.651,1.226
"Jun
1997",0.31,0.874,1.848,2.059,2.385,2.369,2.694,0.993,1.243,2.587,2.026,3.4,2.877,0.914,0.488,1.309,0.345,0.593,1.752,1.817,3.118,1.001,0.099,0.664,1.229
"Jul
1997",0.309,0.872,1.802,2.071,2.425,2.424,2.718,1.005,1.255,2.557,2.108,3.342,2.844,0.918,0.487,1.519,0.367,0.649,1.77,1.81,3.117,0.957,0.099,0.669,1.205
"Aug
1997",0.307,0.872,1.841,2.071,2.468,2.417,2.755,0.988,1.216,2.551,2.154,3.352,2.927,0.935,0.475,1.623,0.388,0.694,1.755,1.749,3.128,0.945,0.098,0.661,1.253
"Sep
1997",0.305,0.885,1.844,2.061,2.477,2.389,2.75,0.992,1.227,2.533,2.144,3.359,2.895,0.933,0.458,1.631,0.388,0.737,1.695,1.797,3.176,0.945,0.099,0.677,1.277
"Oct
1997",0.294,0.899,1.847,2.059,2.423,2.387,2.73,0.984,1.236,2.635,2.181,3.419,2.925,0.881,0.459,1.477,0.374,0.823,1.711,1.764,3.152,0.956,0.093,0.688,1.242
"Nov
1997",0.283,0.897,1.851,2.047,2.406,2.423,2.665,1.018,1.246,2.678,2.36,3.497,2.928,0.864,0.468,1.162,0.366,1.01,1.666,1.703,3.133,0.97,0.092,0.717,1.213
"Dec
1997",0.279,0.884,1.811,2.058,2.447,2.334,2.607,1.001,1.217,2.672,2.46,3.439,3.022,0.897,0.461,1.057,0.37,0.699,1.67,1.73,3.166,0.979,0.09,0.708,1.177
"Jan
1998",0.299,0.855,1.818,2.058,2.317,2.426,2.644,1.022,1.28,2.632,2.353,3.539,3.041,0.922,0.473,1.026,0.362,1.072,1.601,1.801,3.149,0.966,0.086,0.705,1.131
"Feb
1998",0.297,0.86,1.798,2.04,2.307,2.445,2.623,1.007,1.271,2.653,2.321,3.475,2.996,0.96,0.489,0.976,0.362,0.643,1.568,1.808,3.136,0.948,0.085,0.688,1.082
"Mar
1998",0.302,0.853,1.842,2.05,2.362,2.387,2.539,1.032,1.249,2.658,2.421,3.572,2.969,0.962,0.475,0.959,0.368,0.695,1.587,1.821,3.107,0.933,0.085,0.686,1.041
"Apr
1998",0.298,0.863,1.841,2.046,2.332,2.379,2.444,1.029,1.256,2.668,2.336,3.535,3.06,0.949,0.511,0.946,0.369,0.837,1.634,1.808,3.175,0.915,0.085,0.684,1.052
"May
1998",0.308,0.866,1.796,2.042,2.363,2.362,2.438,1.032,1.26,2.666,2.484,3.539,2.995,0.974,0.51,1.027,0.381,0.877,1.589,1.772,3.161,0.903,0.086,0.688,1.092
"Jun
1998",0.305,0.859,1.796,2.051,2.334,2.331,2.457,1.016,1.279,2.622,2.613,3.516,3.051,0.955,0.507,1.059,0.39,0.711,1.633,1.787,3.153,0.874,0.091,0.673,1.094
"Jul
1998",0.307,0.867,1.768,2.045,2.308,2.561,2.517,1.033,1.252,2.628,2.879,3.636,3.133,1,0.53,1.262,0.392,0.692,1.655,1.808,3.128,0.853,0.091,0.671,1.079
"Aug
1998",0.31,0.869,1.823,2.082,2.398,2.442,2.513,1.059,1.291,2.717,2.985,3.479,3.147,0.99,0.489,1.405,0.382,0.686,1.668,1.802,3.21,0.838,0.09,0.668,1.052
"Sep
1998",0.305,0.86,1.806,2.083,2.357,2.46,2.576,1.074,1.255,2.757,3.367,3.617,3.184,0.971,0.476,1.428,0.376,0.71,1.599,1.795,3.121,0.827,0.089,0.668,1.033
"Oct
1998",0.301,0.849,1.809,2.093,2.364,2.478,2.567,1.076,1.3,2.785,3.802,3.63,3.272,0.902,0.47,1.462,0.379,0.757,1.655,1.813,3.219,0.834,0.086,0.671,1.042
"Nov
1998",0.287,0.855,1.809,2.074,2.419,2.389,2.619,1.084,1.301,2.8,3.623,3.803,3.373,0.878,0.487,1.453,0.37,0.765,1.654,1.82,3.207,0.841,0.084,0.689,1.028
"Dec
1998",0.279,0.866,1.818,2.081,2.398,2.449,2.58,1.06,1.261,2.859,3.176,3.738,3.301,0.854,0.51,1.372,0.375,0.635,1.679,1.791,3.177,0.827,0.084,0.697,0.986
"Jan
1999",0.297,0.872,1.834,2.093,2.361,2.41,2.523,1.072,1.274,2.94,3.002,3.814,3.379,0.86,0.489,1.402,0.381,0.649,1.753,1.769,3.217,0.834,0.084,0.687,0.972
"Feb
1999",0.293,0.88,1.862,2.118,2.399,2.451,2.52,1.064,1.28,3.004,2.801,3.723,3.291,0.87,0.509,1.274,0.382,0.658,1.78,1.788,3.223,0.828,0.084,0.676,0.955
"Mar
1999",0.289,0.883,1.834,2.103,2.39,2.448,2.507,1.057,1.281,3.003,2.739,3.878,3.231,0.852,0.506,1.167,0.384,0.774,1.741,1.818,3.249,0.828,0.084,0.663,0.991
"Apr
1999",0.283,0.897,1.833,2.113,2.441,2.388,2.445,1.057,1.253,2.707,2.703,3.748,3.266,0.87,0.482,1.188,0.38,0.753,1.779,1.822,3.264,0.853,0.084,0.658,1.177
"May
1999",0.306,0.886,1.812,2.108,2.317,2.424,2.474,1.026,1.237,2.716,2.546,3.806,3.195,0.881,0.492,1.159,0.388,0.691,1.764,1.809,3.212,0.852,0.085,0.662,1.178
"Jun
1999",0.303,0.885,1.815,2.123,2.426,2.382,2.504,1.041,1.283,2.704,2.648,3.779,3.306,0.893,0.502,1.183,0.391,0.652,1.758,1.817,3.235,0.845,0.089,0.667,1.148
"Jul
1999",0.308,0.893,1.81,2.083,2.427,2.315,2.503,1.045,1.316,2.706,2.67,3.736,3.238,0.905,0.494,1.282,0.411,0.627,1.813,1.831,3.255,0.857,0.09,0.675,1.189
"Aug
1999",0.311,0.884,1.826,2.102,2.446,2.417,2.543,1.043,1.284,2.719,2.722,3.866,3.25,0.921,0.49,1.397,0.429,0.652,1.825,1.819,3.279,0.877,0.089,0.684,1.255
"Sep
1999",0.31,0.878,1.852,2.147,2.453,2.346,2.58,1.08,1.269,2.794,2.628,3.884,3.28,0.972,0.481,1.463,0.413,0.623,1.825,1.823,3.237,0.939,0.09,0.707,1.28
"Oct
1999",0.288,0.889,1.866,2.161,2.407,2.514,2.57,1.055,1.274,2.964,2.656,3.858,3.38,0.919,0.471,1.535,0.393,0.669,1.784,1.83,3.289,0.976,0.087,0.704,1.274
"Nov
1999",0.272,0.899,1.863,2.145,2.436,2.481,2.658,1.078,1.268,2.981,2.449,3.789,3.336,0.902,0.48,1.538,0.384,0.677,1.841,1.835,3.299,1.018,0.085,0.73,1.264
"Dec
1999",0.267,0.899,1.882,2.153,2.373,2.521,2.752,1.053,1.168,2.875,2.272,3.85,3.404,0.918,0.494,1.414,0.395,0.668,1.822,1.861,3.33,1.088,0.085,0.71,1.298
"Jan
2000",0.286,0.907,1.903,2.191,2.397,2.397,2.75,1.059,1.273,2.785,2.425,3.843,3.324,0.952,0.49,1.436,0.392,0.748,1.823,1.849,3.386,1.189,0.084,0.712,1.301
"Feb
2000",0.267,0.924,1.894,2.185,2.432,2.372,2.871,1.046,1.255,2.777,2.293,3.731,3.34,0.974,0.528,1.416,0.401,0.65,1.811,1.846,3.448,1.614,0.085,0.714,1.369
"Mar
2000",0.285,0.924,1.911,2.217,2.515,2.444,2.928,1.064,1.255,2.748,2.408,3.845,3.275,0.96,0.517,1.338,0.393,0.671,1.807,1.844,3.354,1.359,0.085,0.712,1.541
"Apr
2000",0.283,0.927,1.925,2.241,2.489,2.373,2.953,1.069,1.26,2.773,2.3,3.747,3.338,0.957,0.51,1.298,0.388,0.65,1.819,1.841,3.409,1.286,0.085,0.721,1.506
"May
2000",0.302,0.915,1.921,2.263,2.465,2.363,3.006,1.052,1.262,2.782,2.379,3.692,3.347,0.927,0.509,1.2,0.379,0.803,1.802,1.902,3.345,1.263,0.085,0.73,1.498
"Jun
2000",0.305,0.915,1.955,2.266,2.526,2.39,3.132,1.069,1.286,2.763,2.525,3.622,3.546,0.918,0.506,1.195,0.376,0.686,1.8,1.894,3.302,1.249,0.09,0.781,1.617
"Jul
2000",0.305,0.935,1.954,2.276,2.588,2.441,3.168,1.089,1.293,2.781,2.718,3.628,3.461,0.94,0.512,1.253,0.39,0.656,1.875,1.886,3.31,1.25,0.091,0.813,1.593
"Aug
2000",0.304,0.923,1.953,2.306,2.506,2.342,3.2,1.086,1.298,2.807,2.686,3.649,3.542,0.928,0.49,1.375,0.4,0.673,1.882,1.896,3.302,1.246,0.091,0.808,1.51
"Sep
2000",0.303,0.918,1.946,2.306,2.567,2.453,3.209,1.087,1.297,2.809,2.595,3.65,3.586,0.922,0.488,1.357,0.374,0.897,1.837,1.909,3.416,1.407,0.091,0.851,1.582
"Oct
2000",0.306,0.934,1.959,2.285,2.562,2.464,3.069,1.09,1.287,2.805,2.627,3.64,3.62,0.899,0.496,1.321,0.367,0.772,1.863,1.951,3.341,1.453,0.088,0.903,1.559
"Nov
2000",0.262,0.953,1.952,2.295,2.512,2.544,3.053,1.065,1.209,2.753,2.483,3.639,3.32,0.833,0.479,1.173,0.351,0.774,1.884,1.935,3.276,1.477,0.086,0.919,1.555
"Dec
2000",0.275,0.987,1.976,2.327,2.515,2.599,3.028,1.078,1.264,2.785,2.799,3.693,3.66,0.816,0.487,1.111,0.347,0.851,1.878,1.964,3.437,1.528,0.086,0.977,1.489
"Jan
2001",0.304,0.982,2.037,2.367,2.698,2.428,2.994,1.091,1.271,2.852,2.971,3.674,3.673,0.808,0.5,1.082,0.355,0.736,1.863,1.959,3.391,1.509,0.088,1.15,1.472
"Feb
2001",0.307,0.994,2.059,2.407,2.795,2.542,3.065,1.09,1.282,2.847,2.979,3.693,3.609,0.83,0.496,1.138,0.348,0.847,1.909,1.94,3.361,1.463,0.088,1.12,1.484
"Mar
2001",0.312,1.02,2.057,2.425,2.819,2.549,3.159,1.103,1.293,2.76,2.97,3.723,3.66,0.845,0.51,1.081,0.356,0.895,1.808,1.947,3.378,1.394,0.089,1.078,1.447
"Apr
2001",0.276,1.008,2.052,2.468,2.809,2.44,3.114,1.101,1.294,2.845,3.009,3.738,3.651,0.834,0.492,1.162,0.362,0.767,1.872,1.949,3.315,1.367,0.089,1.05,1.564
"May
2001",0.31,0.995,2.113,2.464,2.765,2.482,3.256,1.095,1.282,2.893,3.262,3.862,3.633,0.848,0.509,1.176,0.363,0.87,1.886,1.941,3.395,1.343,0.09,1.02,1.729
"Jun
2001",0.313,0.989,2.157,2.493,2.673,2.53,3.253,1.106,1.301,2.911,3.385,3.949,3.703,0.89,0.506,1.261,0.388,0.722,1.926,1.965,3.564,1.322,0.097,0.937,1.64
"Jul
2001",0.315,0.987,2.114,2.445,2.801,2.528,3.324,1.102,1.351,2.933,3.549,3.928,3.72,0.892,0.523,1.319,0.409,0.663,1.937,1.95,3.335,1.257,0.099,0.888,1.482
"Aug
2001",0.318,0.991,2.101,2.536,2.817,2.607,3.468,1.11,1.356,2.89,3.616,3.918,3.841,0.898,0.519,1.275,0.439,0.784,1.875,1.946,3.404,1.238,0.098,0.854,1.427
"Sep
2001",0.296,0.996,2.15,2.494,2.748,2.638,3.487,1.107,1.306,2.941,3.697,3.984,3.815,0.874,0.508,1.352,0.422,0.897,1.87,1.955,3.397,1.285,0.097,0.811,1.531
"Oct
2001",0.309,1.01,2.132,2.541,2.836,2.454,3.338,1.115,1.341,2.954,3.688,4.023,3.824,0.894,0.503,1.496,0.418,0.811,1.904,1.936,3.589,1.227,0.093,0.763,1.362
"Nov
2001",0.286,1.012,2.143,2.499,2.882,2.382,3.297,1.133,1.355,2.89,3.162,3.971,3.463,0.915,0.509,1.434,0.41,0.734,1.912,1.958,3.507,1.193,0.09,0.799,1.263
"Dec
2001",0.282,1.005,2.161,2.508,2.78,2.456,3.3,1.109,1.339,2.895,3.31,3.994,3.836,0.893,0.505,1.404,0.41,0.788,1.925,1.958,3.477,1.117,0.09,0.787,1.131
"Jan
2002",0.319,1.001,2.152,2.461,2.732,2.163,3.271,1.091,1.361,2.812,3.419,3.937,3.425,0.877,0.509,1.357,0.426,1.003,1.876,1.972,3.437,1.123,0.089,0.789,1.139
"Feb
2002",0.318,1.008,2.214,2.554,2.812,2.413,3.317,1.111,1.329,2.807,3.284,3.869,3.81,0.892,0.504,1.27,0.447,1.061,1.937,2.011,3.278,1.112,0.089,0.757,1.13
"Mar
2002",0.31,1.012,2.196,2.541,2.725,2.211,3.266,1.11,1.319,2.816,3.06,3.885,3.819,0.915,0.519,1.151,0.465,1.542,1.87,1.953,3.418,1.119,0.089,0.755,1.241
"Apr
2002",0.307,1.005,2.097,2.511,2.859,2.329,3.257,1.11,1.307,2.779,3.196,3.93,3.723,0.91,0.504,1.22,0.493,1.147,1.889,1.981,3.294,1.158,0.088,0.773,1.407
"May
2002",0.323,1.012,2.145,2.613,2.799,2.392,3.182,1.094,1.282,2.782,3.215,3.868,3.8,0.921,0.515,1.303,0.508,0.72,1.824,1.98,3.162,1.163,0.089,0.772,1.421
"Jun
2002",0.325,1.011,2.098,2.575,2.773,2.425,3.193,1.066,1.311,2.768,3.084,3.856,3.752,0.938,0.512,1.385,0.517,0.675,1.89,1.99,3.43,1.136,0.095,0.771,1.404
"Jul
2002",0.32,1.015,2.138,2.583,2.632,2.429,3.231,1.077,1.27,2.747,3.095,3.783,3.883,0.968,0.517,1.389,0.549,0.674,1.842,1.962,3.195,1.127,0.095,0.772,1.412
"Aug
2002",0.322,1.012,2.175,2.613,2.69,2.286,3.269,1.035,1.295,2.72,2.938,3.895,3.783,0.977,0.499,1.471,0.559,0.689,1.8,1.959,3.312,1.135,0.095,0.768,1.423
"Sep
2002",0.322,1.016,2.065,2.604,2.655,2.226,3.155,1.074,1.339,2.728,3.101,3.841,3.896,1.011,0.498,1.593,0.511,0.702,1.84,1.976,3.498,1.174,0.095,0.776,1.422
"Oct
2002",0.289,1.015,2.116,2.629,2.719,2.372,3.24,1.027,1.313,2.727,3.032,3.92,3.336,1.001,0.504,1.586,0.492,0.687,1.795,1.942,3.357,1.203,0.091,0.801,1.449
"Nov
2002",0.291,1.054,2.086,2.624,2.713,2.351,3.211,1.044,1.285,2.719,2.608,3.941,3.816,0.98,0.505,1.522,0.473,0.754,1.776,1.923,3.418,1.221,0.089,0.843,1.448
"Dec
2002",0.292,1.026,2.121,2.622,2.806,2.424,3.242,1.048,1.275,2.682,2.842,3.842,3.757,0.985,0.504,1.441,0.479,0.68,1.806,1.897,3.472,1.267,0.089,0.847,1.394
"Jan
2003",0.316,1.042,2.131,2.6,2.796,2.158,3.195,1.004,1.238,2.686,2.944,3.713,3.752,0.977,0.526,1.418,0.483,0.734,1.848,1.88,3.483,1.396,0.089,0.881,1.473
"Feb
2003",0.299,1.048,2.203,2.69,2.844,2.435,3.281,1.031,1.223,2.689,2.964,3.844,3.788,0.968,0.508,1.224,0.472,0.682,1.875,1.916,3.462,1.641,0.089,0.902,1.641
"Mar
2003",0.319,1.042,2.196,2.696,2.943,2.167,3.216,1.049,1.249,2.656,2.99,3.814,3.852,0.948,0.513,1.144,0.463,0.655,1.809,1.981,3.546,1.766,0.089,1.028,1.748
"Apr
2003",0.318,1.047,2.206,2.74,3.045,2.402,3.287,1.053,1.259,2.674,2.721,3.76,3.296,0.972,0.517,1.183,0.466,0.723,1.783,1.97,3.581,1.491,0.091,0.988,1.659
"May
2003",0.327,1.001,2.191,2.657,3.014,2.257,3.086,1.031,1.248,2.685,2.726,3.589,3.739,0.992,0.505,1.246,0.466,0.795,1.727,1.908,3.415,1.372,0.092,0.966,1.542
"Jun
2003",0.327,0.961,2.239,2.645,2.962,2.487,3.136,1.033,1.226,2.676,2.658,3.769,3.806,0.992,0.521,1.382,0.462,0.832,1.822,1.937,3.581,1.305,0.097,0.992,1.514
"Jul
2003",0.328,1.002,2.194,2.672,3.01,2.526,3.155,1.027,1.262,2.708,2.697,3.688,3.965,1.006,0.514,1.416,0.464,0.808,1.831,1.89,3.367,1.279,0.098,0.986,1.524
"Aug
2003",0.329,0.996,2.22,2.674,3.019,2.583,3.229,1.023,1.242,2.666,2.747,3.815,3.976,1.016,0.514,1.46,0.464,0.709,1.882,1.962,3.539,1.283,0.098,0.969,1.628
"Sep
2003",0.317,0.994,2.286,2.729,2.898,2.194,3.219,1.022,1.254,2.904,2.856,3.803,3.892,1.023,0.494,1.371,0.444,0.898,1.896,1.886,3.508,1.284,0.098,0.974,1.728
"Oct
2003",0.288,0.969,2.35,2.768,3.222,2.376,3.161,1.022,1.325,2.905,2.882,3.714,3.878,0.936,0.49,1.393,0.441,0.858,1.975,1.903,3.425,1.297,0.093,0.966,1.603
"Nov
2003",0.285,0.953,2.491,2.904,3.453,2.548,3.228,1.068,1.275,2.937,2.766,3.905,3.858,0.97,0.498,1.308,0.438,0.927,1.905,1.884,3.493,1.331,0.09,0.978,1.535
"Dec
2003",0.287,0.954,2.621,2.932,3.359,2.524,3.182,1.05,1.274,2.947,2.804,3.843,3.898,0.957,0.504,1.264,0.439,1.255,1.834,1.891,3.583,1.36,0.09,0.991,1.494
"Jan
2004",0.307,0.946,2.585,2.906,3.378,2.638,3.157,1.062,1.283,2.879,2.847,3.813,3.692,1.019,0.512,1.166,0.457,0.876,1.957,1.845,3.428,1.508,0.091,1.029,1.592
"Feb
2004",0.302,0.943,2.558,2.892,3.334,2.647,3.189,1.06,1.305,2.814,2.787,3.937,3.808,1.05,0.504,1.167,0.446,0.805,1.873,1.859,3.584,1.558,0.091,1.021,1.672
"Mar
2004",0.3,0.947,2.473,2.86,3.177,2.647,3.129,1.1,1.299,2.786,3.466,3.895,3.648,1.05,0.5,1.14,0.459,0.813,1.829,1.868,3.435,1.541,0.091,0.992,1.766
"Apr
2004",0.283,0.974,2.486,2.901,3.229,2.69,3.196,1.12,1.268,2.906,3.353,3.848,3.815,1.04,0.505,1.148,0.461,0.801,1.861,1.81,3.377,1.519,0.091,0.998,1.833
"May
2004",0.297,0.96,2.522,2.88,3.216,2.602,3.33,1.039,1.378,3.374,3.758,4.052,3.744,1.065,0.491,1.172,0.435,0.71,1.818,1.833,3.359,1.533,0.093,1.006,2.009
"Jun
2004",0.312,0.979,2.485,2.946,3.329,2.619,3.42,1.06,1.316,3.574,3.937,4.09,3.877,1.076,0.498,1.178,0.462,0.751,1.912,1.781,3.446,1.537,0.099,1.047,2.041
"Jul
2004",0.324,0.985,2.462,2.911,3.264,2.605,3.47,1.077,1.333,3.479,3.753,4.077,4.026,1.099,0.51,1.247,0.471,0.737,1.878,1.802,3.46,1.536,0.099,1.058,1.939
"Aug
2004",0.324,0.996,2.537,2.938,3.34,2.608,3.622,1.092,1.351,3.297,3.613,4.113,4.051,1.104,0.507,1.418,0.464,0.808,1.873,1.78,3.455,1.607,0.1,1.063,1.898
"Sep
2004",0.307,0.985,2.512,2.995,3.263,2.594,3.589,1.078,1.368,3.149,3.624,4.03,3.968,1.085,0.488,1.47,0.446,0.771,1.815,1.824,3.244,1.671,0.099,1.034,1.891
"Oct
2004",0.299,0.972,2.484,2.97,3.272,2.476,3.606,1.078,1.398,3.161,3.668,4.032,3.79,0.992,0.485,1.38,0.45,0.83,1.933,1.881,3.395,1.882,0.094,1.044,2.029
"Nov
2004",0.291,0.976,2.461,2.972,3.296,2.48,3.438,1.039,1.302,3.219,3.605,3.988,3.777,0.985,0.469,1.173,0.443,0.849,1.922,1.718,3.308,1.958,0.092,1.145,2.01
"Dec
2004",0.285,0.97,2.465,2.987,3.368,2.543,3.369,1.03,1.368,3.233,3.463,3.937,3.849,0.95,0.474,1.159,0.449,0.823,1.961,1.756,3.35,1.895,0.092,1.154,1.882
"Jan
2005",0.325,0.997,2.478,2.991,3.254,2.549,3.367,1.026,1.293,3.304,3.513,3.876,3.873,0.966,0.485,1.143,0.458,0.817,1.872,1.764,3.256,1.859,0.094,1.142,1.823
"Feb
2005",0.326,0.982,2.531,3.033,3.425,2.476,3.395,1.038,1.347,3.176,3.525,3.873,3.79,0.974,0.502,1.334,0.448,0.73,1.835,1.743,3.315,1.962,0.094,1.111,1.918
"Mar
2005",0.326,1.002,2.519,3.057,3.519,2.408,3.355,1.061,1.291,3.226,3.456,3.843,3.654,0.92,0.507,1.307,0.44,0.829,1.846,1.769,3.224,2.078,0.094,1.096,2.065
"Apr
2005",0.322,1.004,2.504,3.055,3.252,2.487,3.331,1.07,1.322,3.225,3.404,3.84,3.772,0.869,0.503,1.35,0.45,1.004,1.918,1.753,3.456,2.12,0.095,1.158,2.283
"May
2005",0.329,1.086,2.572,2.974,3.297,2.386,3.56,1.052,1.299,3.207,3.409,3.776,3.948,0.915,0.497,1.405,0.452,0.926,1.84,1.678,3.377,2.036,0.097,1.152,2.216
"Jun
2005",0.337,1.09,2.542,2.964,3.295,2.408,3.457,1.075,1.357,3.122,3.107,3.829,3.619,0.974,0.493,1.455,0.455,0.895,1.809,1.619,3.519,2.059,0.104,1.124,2.176
"Jul
2005",0.34,1.067,2.541,2.937,3.259,2.412,3.478,1.067,1.311,3.09,3.14,3.895,3.773,0.965,0.494,1.481,0.477,0.885,1.834,1.685,3.364,2.173,0.105,1.168,2.316
"Aug
2005",0.341,1.06,2.502,2.911,3.134,2.378,3.442,1.042,1.315,3.136,3.206,3.926,3.796,0.977,0.487,1.537,0.491,0.855,1.852,1.712,3.363,2.276,0.105,1.189,2.506
"Sep
2005",0.329,1.052,2.535,2.938,3.159,2.328,3.404,1.056,1.35,3.133,3.321,3.948,3.784,0.967,0.485,1.485,0.482,0.848,1.782,1.708,3.302,2.593,0.106,1.324,2.927
"Oct
2005",0.311,1.043,2.564,2.949,3.189,2.323,3.327,1.062,1.336,3.171,3.186,3.903,3.705,0.94,0.491,1.465,0.505,0.926,1.806,1.686,3.367,2.626,0.102,1.512,2.785
"Nov
2005",0.298,1.055,2.568,2.949,3.243,2.3,3.262,1.059,1.373,3.211,3.13,3.945,3.514,0.955,0.48,1.459,0.499,0.873,1.784,1.666,3.412,2.458,0.102,1.548,2.343
"Dec
2005",0.303,1.046,2.606,2.908,3.374,2.375,3.327,1.061,1.326,3.241,2.98,3.915,3.691,0.971,0.482,1.509,0.498,0.854,1.78,1.704,3.459,2.407,0.102,1.498,2.186
"Jan
2006",0.328,1.046,2.607,2.963,3.17,2.323,3.364,1.062,1.295,3.197,3.13,3.938,3.703,0.963,0.49,1.435,0.504,0.874,1.853,1.721,3.426,2.418,0.108,1.531,2.315
"Feb
2006",0.326,1.029,2.556,2.929,3.295,2.295,3.385,1.045,1.27,3.224,3.073,3.886,3.766,0.977,0.508,1.399,0.517,0.794,1.87,1.732,3.37,2.423,0.108,1.402,2.31
"Mar
2006",0.326,1.04,2.568,2.936,3.219,2.257,3.396,1.047,1.29,3.161,3.08,3.836,3.782,0.935,0.508,1.419,0.517,0.815,1.895,1.739,3.517,2.429,0.109,1.335,2.401
"Apr
2006",0.32,1.072,2.599,2.95,3.287,2.264,3.343,1.054,1.253,3.123,2.794,3.814,3.622,0.958,0.508,1.384,0.522,0.869,1.911,1.698,3.457,2.526,0.109,1.278,2.757
"May
2006",0.331,1.086,2.508,2.908,3.08,2.356,3.309,1.034,1.231,3.066,2.966,3.701,3.674,1.021,0.514,1.451,0.533,0.967,1.912,1.728,3.604,2.572,0.11,1.263,2.947
"Jun
2006",0.336,1.074,2.543,2.906,3.078,2.35,3.399,1.055,1.183,3.001,2.896,3.526,3.861,1.053,0.511,1.441,0.541,0.848,1.886,1.742,3.369,2.566,0.118,1.21,2.917
"Jul
2006",0.339,1.071,2.459,2.887,3.064,2.266,3.508,1.04,1.205,3.083,2.794,3.581,3.627,1.146,0.508,1.438,0.556,0.783,1.94,1.731,3.467,2.597,0.118,1.213,2.999
"Aug
2006",0.341,1.088,2.543,2.9,3.051,2.227,3.559,1.048,1.228,3.019,2.814,3.654,3.602,1.235,0.492,1.54,0.572,0.864,1.989,1.661,3.544,2.649,0.118,1.22,2.985
"Sep
2006",0.341,1.083,2.508,2.962,3.101,2.315,3.552,1.063,1.242,3.049,2.776,3.756,3.717,1.256,0.479,1.65,0.563,0.953,2.013,1.713,3.533,2.531,0.118,1.239,2.589
"Oct
2006",0.321,1.097,2.542,2.912,3.169,2.242,3.61,1.038,1.222,3.064,2.981,3.63,3.855,1.138,0.489,1.775,0.545,0.873,2.015,1.726,3.494,2.396,0.112,1.148,2.272
"Nov
2006",0.317,1.143,2.564,2.973,3.299,2.256,3.444,1.049,1.21,2.985,2.866,3.712,3.875,1.089,0.498,1.754,0.517,0.85,2.16,1.648,3.399,2.375,0.11,1.252,2.241
"Dec
2006",0.318,1.137,2.606,2.952,3.209,2.297,3.458,1.057,1.233,3.004,2.892,3.605,3.901,1.027,0.499,1.662,0.517,0.896,2.232,1.72,3.409,2.46,0.11,1.285,2.334
"Jan
2007",0.346,1.153,2.63,2.934,3.066,2.373,3.51,1.033,1.222,3.067,3.002,3.771,4.032,1.034,0.505,1.71,0.517,0.926,2.314,1.771,3.359,2.368,0.113,1.265,2.274
"Feb
2007",0.356,1.168,2.639,3.001,3.343,2.285,3.566,1.039,1.266,3.083,3.006,3.705,4.019,1.072,0.507,1.948,0.514,0.92,2.414,1.769,3.424,2.425,0.113,1.267,2.285
"Mar
2007",0.357,1.161,2.628,3.049,3.357,2.266,3.464,1.064,1.294,3.072,2.979,3.769,3.969,1.068,0.51,1.845,0.518,0.915,2.463,1.716,3.485,2.505,0.113,1.291,2.592
"Apr
2007",0.354,1.201,2.676,3.069,3.419,2.405,3.496,1.115,1.28,3.135,2.857,3.73,3.794,1.104,0.517,1.791,0.529,0.986,2.517,1.746,3.482,2.555,0.113,1.284,2.86
"May
2007",0.351,1.192,2.766,3.125,3.483,2.411,3.651,1.118,1.298,3.259,3.058,3.739,3.876,1.112,0.503,1.751,0.53,0.879,2.456,1.742,3.511,2.567,0.115,1.288,3.13
"Jun
2007",0.35,1.193,2.739,3.061,3.395,2.469,3.657,1.134,1.332,3.427,3.077,3.629,3.879,1.13,0.512,1.766,0.538,0.856,2.512,1.736,3.473,2.561,0.122,1.299,3.052
"Jul
2007",0.353,1.209,2.734,3.103,3.337,2.427,3.723,1.13,1.334,3.736,3.064,3.757,3.825,1.184,0.509,1.765,0.545,0.849,2.538,1.764,3.512,2.621,0.122,1.279,2.961
"Aug
2007",0.355,1.21,2.695,3.094,3.332,2.503,3.798,1.145,1.304,3.807,3.164,3.972,3.895,1.194,0.506,1.796,0.522,0.879,2.568,1.76,3.608,2.634,0.121,1.226,2.782
"Sep
2007",0.36,1.212,2.744,3.142,3.506,2.485,3.784,1.142,1.356,3.841,3.137,4.051,3.897,1.178,0.505,1.819,0.52,0.927,2.59,1.829,3.558,2.706,0.121,1.207,2.789
"Oct
2007",0.355,1.274,2.705,3.092,3.486,2.532,3.883,1.135,1.304,3.838,3.102,4.158,3.942,1.083,0.508,2.015,0.517,1.066,2.574,1.846,3.637,2.808,0.117,1.219,2.793
"Nov
2007",0.388,1.235,2.738,3.109,3.426,2.661,3.656,1.161,1.372,3.904,2.987,3.884,4.225,1.103,0.515,2.029,0.527,0.988,2.561,1.862,3.667,3.169,0.115,1.273,3.069
"Dec
2007",0.398,1.28,2.702,3.068,3.395,2.52,3.688,1.166,1.36,3.87,2.983,3.905,4.081,1.121,0.525,2.048,0.52,0.949,2.528,1.882,3.646,3.247,0.115,1.281,3.02
"Jan
2008",0.421,1.281,2.725,3.129,3.371,2.602,3.652,1.163,1.355,3.871,3.083,3.994,4.14,1.161,0.521,2.025,0.525,0.95,2.544,1.942,3.53,3.337,0.116,1.278,3.047
"Feb
2008",0.455,1.321,2.791,3.161,3.333,2.602,3.62,1.159,1.391,3.869,3.056,4.059,4.041,1.176,0.54,1.951,0.531,0.895,2.529,1.963,3.759,3.338,0.116,1.31,3.033
"Mar
2008",0.489,1.35,2.832,3.157,3.497,2.613,3.623,1.168,1.387,3.781,2.976,4.008,4.095,1.209,0.597,1.919,0.542,0.873,2.543,1.944,3.771,3.699,0.116,1.358,3.258
"Apr
2008",0.518,1.373,2.829,3.154,3.252,2.64,3.554,1.176,1.358,3.799,3.189,3.876,4.204,1.205,0.627,1.968,0.546,0.902,2.559,1.98,3.885,3.875,0.118,1.427,3.441
"May
2008",0.534,1.37,2.798,3.176,3.355,2.614,3.637,1.194,1.388,3.76,3.259,3.938,4.076,1.254,0.63,2.004,0.562,0.868,2.534,1.998,3.837,4.185,0.12,1.505,3.764
"Jun
2008",0.529,1.373,2.835,3.198,3.406,2.518,3.655,1.181,1.411,3.773,3.264226,3.929,4.068,1.362,0.633,2.157,0.598,0.86,2.528,2.035,4.062,4.589,0.128,1.578,4.065
"Jul
2008",0.544,1.384,2.785,3.228,3.498,2.477,3.605,1.191,1.417,3.961,3.269452,4.182,4.169,1.452,0.627,2.143,0.672,0.875,2.503,2.004,4.159,4.649,0.131,1.703,4.09
"Aug
2008",0.539,1.381,2.964,3.314,3.647,2.634,3.842,1.223,1.435,3.886,3.274677,4.188,4.249,1.58,0.634,2.184,0.724,0.878,2.522,2.049,4.12,4.217,0.132,1.596,3.786
"Sep
2008",0.532,1.379,2.981,3.34,3.768,2.923,3.725,1.214,1.481,3.773,3.279903,4.089,4.418,1.584,0.631,2.179,0.763,0.906,2.544,2.085,4.123,3.952,0.13,1.448,3.698
"Oct
2008",0.521,1.393,2.956,3.418,3.9,3.124,3.745,1.205,1.467,3.656,3.287,4.021,4.401,1.417,0.629,2.095,0.731,1.001,2.509,2.063,4.196,3.544,0.126,1.395,3.173
"Nov
2008",0.494,1.377,2.987,3.434,3.792,3.117,3.597,1.304,1.478,3.734,3.12,4.08,4.397,1.259,0.626,1.826,0.699,0.979,2.58,2.13,4.33,3.003,0.123,1.372,2.151
"Dec
2008",0.504,1.415,2.999,3.435,3.608,3.23,3.67,1.305,1.497,3.681,3.129,4.141,4.281,1.179,0.617,1.616,0.678,0.877,2.558,2.154,4.482,2.637,0.124,1.355,1.689
"Jan
2009",0.517,1.381,2.961,3.426,3.724,3.112,3.73,1.292,1.506,3.575,3.164,4.124,4.441,1.233,0.629,1.541,0.676,0.944,2.57,2.14,4.534,2.509,0.126,1.321,1.787
"Feb
2009",0.509,1.404,3.019,3.44,3.756,3.133,3.62,1.29,1.512,3.319,3.033,4.049,4.349,1.191,0.641,1.433,0.66,0.93,2.611,2.161,4.611,2.451,0.126,1.268,1.928
"Mar
2009",0.503,1.41,2.976,3.355,3.706,3.085,3.59,1.301,1.492,3.116,2.914,3.885,4.165,1.195,0.634,1.342,0.652,0.875,2.634,2.146,4.55,2.319,0.126,1.208,1.949
"Apr
2009",0.485,1.395,2.994,3.332,3.618,3.214,3.581,1.296,1.527,3.084,2.701,3.776,4.368,1.202,0.629,1.39,0.62,0.907,2.623,2.171,4.683,2.354,0.125,1.119,2.056
"May
2009",0.515,1.413,2.876,3.427,3.723,3.311,3.663,1.304,1.553,3.068,2.778,3.92,4.282,1.147,0.622,1.392,0.616,0.887,2.601,2.175,4.438,2.344,0.126,1.051,2.265
"Jun
2009",0.516,1.385,2.873,3.469,3.473,3.202,3.621,1.282,1.565,3.009,2.906,3.9,4.25,1.183,0.617,1.445,0.634,0.876,2.612,2.159,4.557,2.449,0.132,1.06,2.631
"Jul
2009",0.519,1.391,2.8,3.304,3.529,3.121,3.64,1.261,1.476,2.992,2.922,3.881,4.193,1.193,0.616,1.59,0.641,0.855,2.579,2.105,4.566,2.452,0.131,1.074,2.543
"Aug
2009",0.517,1.375,2.843,3.452,3.574,3.144,3.588,1.287,1.476,2.979,2.774,3.902,4.279,1.217,0.611,1.584,0.638,0.842,2.489,2.071,4.554,2.559,0.13,1.058,2.627
"Sep
2009",0.51,1.34,2.782,3.397,3.562,3.146,3.592,1.258,1.43,2.981,2.808,3.82,4.244,1.212,0.605,1.664,0.612,0.805,2.522,2.103,4.627,2.553,0.13,1.028,2.574
"Oct
2009",0.5,1.392,2.785,3.378,3.673,3.166,3.603,1.244,1.47,3.046,2.78,3.881,4.623,1.129,0.598,1.634,0.592,0.844,2.53,2.082,4.533,2.603,0.126,1.048,2.561
"Nov
2009",0.458,1.373,2.797,3.415,4.023,3.176,3.498,1.256,1.472,3.034,2.612,3.838,4.431,1.163,0.561,1.625,0.561,1.009,2.495,2.088,4.528,2.79,0.124,1.11,2.66
"Dec
2009",0.464,1.39,2.828,3.391,3.92,3.242,3.57,1.267,1.455,3.105,2.668,3.858,4.234,1.114,0.571,1.6,0.56,1.186,2.53,2.095,4.653,2.788,0.124,1.105,2.621
"Jan
2010",0.491,1.36,2.825,3.397,3.751,3.16,3.63,1.265,1.436,3.236,2.778,3.875,4.483,1.141,0.586,1.626,0.563,0.896,2.501,2.08,4.651,2.967,0.124,1.155,2.731
"Feb
2010",0.496,1.361,2.881,3.449,3.832,3.068,3.642,1.265,1.471,3.203,2.838,3.943,4.388,1.153,0.587,1.586,0.555,0.839,2.481,2.089,4.561,2.89,0.123,1.161,2.659
"Mar
2010",0.479,1.368,2.824,3.448,3.841,3.025,3.669,1.231,1.357,3.188,2.781,3.914,4.313,1.173,0.575,1.561,0.557,0.858,2.515,2.098,4.57,2.908,0.125,1.137,2.78
"Apr
2010",0.473,1.363,2.89,3.482,3.853,3.11,3.643,1.23,1.385,3.14,2.846,3.939,4.445,1.2,0.58,1.58,0.553,0.83,2.45,2.055,4.461,2.981,0.126,1.091,2.858
"May
2010",0.485,1.359,2.921,3.52,3.719,3.175,3.862,1.259,1.433,3.178,2.922,3.912,4.563,1.259,0.571,1.594,0.571,0.837,2.488,2.055,4.594,2.913,0.127,1.08,2.869
"Jun
2010",0.484,1.383,2.965,3.514,3.844,3.231,4.046,1.239,1.491,3.297,2.953,4.074,4.528,1.262,0.577,1.597,0.585,0.887,2.408,2.036,4.706,2.828,0.132,1.084,2.736
"Jul
2010",0.484,1.36,2.936,3.512,3.915,3.248,4.213,1.28,1.508,3.313,3.155,3.956,4.432,1.29,0.583,1.672,0.593,0.853,2.464,2.007,4.659,2.8,0.133,1.111,2.736
"Aug
2010",0.489,1.372,2.849,3.575,3.783,3.295,4.353,1.254,1.468,3.303,3.242,3.811,4.421,1.305,0.576,1.664,0.621,0.839,2.514,1.973,4.665,2.814,0.133,1.102,2.745
"Sep
2010",0.483,1.386,2.915,3.496,4.036,3.339,4.574,1.276,1.521,3.278,3.573,3.864,4.325,1.259,0.573,1.719,0.597,0.83,2.463,1.963,4.631,2.83,0.132,1.062,2.704
"Oct
2010",0.472,1.407,2.978,3.628,3.874,3.377,4.773,1.302,1.48,3.321,3.634,4.004,4.602,1.18,0.58,1.757,0.579,0.87,2.461,1.95,4.77,2.936,0.127,1.069,2.795
"Nov
2010",0.446,1.375,2.949,3.505,3.911,3.324,4.697,1.277,1.502,3.327,3.361,3.836,4.49,1.225,0.581,1.654,0.568,0.965,2.403,2.028,4.689,3.044,0.125,1.059,2.852
"Dec
2010",0.441,1.386,2.932,3.494,3.863,3.322,4.16,1.28,1.483,3.318,3.416,3.797,4.584,1.196,0.587,1.601,0.582,0.992,2.455,1.99,4.742,3.193,0.125,1.078,2.985
"Jan
2011",0.477,1.401,2.991,3.588,3.889,3.407,4.25,1.241,1.422,3.301,3.526,3.758,4.74,1.241,0.596,1.651,0.603,0.94,2.461,1.992,4.79,3.415,0.125,1.085,3.091
"Feb
2011",0.494,1.398,3.058,3.556,3.992,3.359,4.366,1.266,1.521,3.357,3.67,3.734,4.99,1.311,0.625,1.67,0.611,1.142,2.434,2.016,4.724,3.607,0.125,1.095,3.167
"Mar
2011",0.508,1.415,3.151,3.76,4.124,3.386,4.537,1.269,1.507,3.503,3.69,3.828,4.923,1.283,0.621,1.6,0.636,1.277,2.459,2.003,4.837,3.827,0.127,1.077,3.546
"Apr
2011",0.5,1.42,3.25,3.666,4.164,3.472,4.662,1.261,1.481,3.597,3.72,3.891,4.877,1.345,0.621,1.544,0.653,1.057,2.499,2.019,4.85,3.975,0.127,1.078,3.816
"May
2011",0.521,1.472,3.277,3.849,4.275,3.179,4.77,1.302,1.483,3.653,3.693,4.052,4.614,1.306,0.617,1.472,0.693,0.962,2.631,2.033,4.944,3.914,0.129,1.068,3.933
"Jun
2011",0.528,1.49,3.211,3.878,4.306,3.033,4.84,1.305,1.452,3.622,3.605,3.922,4.854,1.317,0.614,1.465,0.685,0.967,2.634,1.961,5.038,3.824,0.134,1.077,3.702
"Jul
2011",0.533,1.513,3.272,3.89,4.264,3.071,4.755,1.306,1.499,3.654,3.694,4.093,4.862,1.374,0.611,1.554,0.717,0.897,2.734,2.029,5.052,3.689,0.135,1.078,3.654
"Aug
2011",0.537,1.474,3.231,3.812,4.263,2.993,4.77,1.296,1.525,3.713,3.645,4.204,4.792,1.529,0.606,1.626,0.755,0.902,2.73,2.052,5.185,3.671,0.135,1.079,3.63
